iddpto,idprov,ubigeo,nombdpto,nombprov,nombdist,capital
10,1009,100902,HUANUCO,PUERTO INCA,CODO DEL POZUZO,CODO DEL POZUZO
10,1009,100904,HUANUCO,PUERTO INCA,TOURNAVISTA,TOURNAVISTA
12,1206,120606,JUNIN,SATIPO,PANGOA,SAN MARTIN DE PANGOA
12,1206,120604,JUNIN,SATIPO,MAZAMARI,MAZAMARI
22,2210,221006,SAN MARTIN,TOCACHE,SANTA LUCIA,SANTA LUCIA
23,2301,230104,TACNA,TACNA,CIUDAD NUEVA,CIUDAD NUEVA
03,0302,030218,APURIMAC,ANDAHUAYLAS,TURPO,TURPO
23,2303,230303,TACNA,JORGE BASADRE,ITE,ITE
01,0102,010205,AMAZONAS,BAGUA,IMAZA,CHIRIACO
09,0902,090204,HUANCAVELICA,ACOBAMBA,CAJA,CAJA
09,0903,090309,HUANCAVELICA,ANGARAES,JULCAMARCA,JULCAMARCA
25,2503,250307,UCAYALI,PADRE ABAD,BOQUERON,BOQUERON
04,0405,040504,AREQUIPA,CAYLLOMA,CALLALLI,CALLALLI
19,1903,190306,PASCO,OXAPAMPA,PUERTO BERMUDEZ,PUERTO BERMUDEZ
03,0307,030714,APURIMAC,GRAU,CURASCO,CURASCO
01,0103,010312,AMAZONAS,BONGARA,YAMBRASBAMBA,YAMBRASBAMBA
19,1901,190111,PASCO,PASCO,TINYAHUARCO,TINYAHUARCO (SMELTER)
06,0609,060904,CAJAMARCA,SAN IGNACIO,LA COIPA,LA COIPA
04,0406,040607,AREQUIPA,CONDESUYOS,SALAMANCA,SALAMANCA
01,0105,010505,AMAZONAS,LUYA,CONILA,COHECHAN
08,0813,081301,CUSCO,URUBAMBA,URUBAMBA,URUBAMBA
25,2503,250306,UCAYALI,PADRE ABAD,HUIPOCA,HUIPOCA
01,0105,010501,AMAZONAS,LUYA,LAMUD,LAMUD
08,0801,080108,CUSCO,CUSCO,WANCHAQ,WANCHAQ
06,0602,060202,CAJAMARCA,CAJABAMBA,CACHACHI,CACHACHI
20,2002,200210,PIURA,AYABACA,SUYO,SUYO
04,0408,040806,AREQUIPA,LA UNION,PUYCA,PUYCA
20,2008,200802,PIURA,SECHURA,BELLAVISTA DE LA UNION,BELLAVISTA
08,0802,080202,CUSCO,ACOMAYO,ACOPIA,ACOPIA
01,0106,010611,AMAZONAS,RODRIGUEZ DE MENDOZA,TOTORA,TOTORA
21,2104,210407,PUNO,CHUCUITO,ZEPITA,ZEPITA
02,0205,020506,ANCASH,BOLOGNESI,CANIS,CANIS
01,0103,010311,AMAZONAS,BONGARA,VALERA,VALERA (SAN PABLO)
04,0405,040511,AREQUIPA,CAYLLOMA,LLUTA,LLUTA
04,0401,040125,AREQUIPA,AREQUIPA,VITOR,VITOR
02,0219,021904,ANCASH,SIHUAS,CASHAPAMPA,CASHAPAMPA
21,2111,211101,PUNO,SAN ROMAN,JULIACA,JULIACA
13,1308,130801,LA LIBERTAD,PATAZ,TAYABAMBA,TAYABAMBA
20,2006,200605,PIURA,SULLANA,MARCAVELICA,MARCAVELICA
21,2113,211301,PUNO,YUNGUYO,YUNGUYO,YUNGUYO
21,2113,211305,PUNO,YUNGUYO,OLLARAYA,SAN MIGUEL DE OLLARAYA
18,1802,180210,MOQUEGUA,GENERAL SANCHEZ CERRO,UBINAS,UBINAS
04,0401,040104,AREQUIPA,AREQUIPA,CERRO COLORADO,LA LIBERTAD
04,0404,040407,AREQUIPA,CASTILLA,HUANCARQUI,HUANCARQUI
02,0205,020508,ANCASH,BOLOGNESI,HUALLANCA,HUALLANCA
04,0406,040601,AREQUIPA,CONDESUYOS,CHUQUIBAMBA,CHUQUIBAMBA
19,1902,190203,PASCO,DANIEL ALCIDES CARRION,GOYLLARISQUIZGA,GOYLLARISQUIZGA
02,0218,021804,ANCASH,SANTA,MACATE,MACATE
13,1308,130807,LA LIBERTAD,PATAZ,ONGON,ONGON
03,0307,030705,APURIMAC,GRAU,MAMARA,MAMARA
21,2111,211103,PUNO,SAN ROMAN,CABANILLAS,DEUSTUA
04,0403,040308,AREQUIPA,CARAVELI,CHAPARRA,ACHANIZO
02,0220,022004,ANCASH,YUNGAY,MATACOTO,MATACOTO
21,2101,210105,PUNO,PUNO,CAPACHICA,CAPACHICA
04,0405,040514,AREQUIPA,CAYLLOMA,SAN ANTONIO DE CHUCA,SAN ANTONIO DE CHUCA /3
02,0201,020108,ANCASH,HUARAZ,OLLEROS,OLLEROS
04,0404,040409,AREQUIPA,CASTILLA,ORCOPAMPA,ORCOPAMPA
17,1702,170203,MADRE DE DIOS,MANU,MADRE DE DIOS,BOCA COLORADO
04,0401,040103,AREQUIPA,AREQUIPA,CAYMA,CAYMA
18,1802,180211,MOQUEGUA,GENERAL SANCHEZ CERRO,YUNGA,YUNGA
10,1009,100905,HUANUCO,PUERTO INCA,YUYAPICHIS,YUYAPICHIS
15,1501,150135,LIMA,LIMA,SAN MARTIN DE PORRES,BARRIO OBRERO INDUSTRIAL
02,0209,020903,ANCASH,CORONGO,BAMBAS,BAMBAS
16,1605,160508,LORETO,REQUENA,SOPLIN,NUEVA ALEJANDRIA (CURINGA)
08,0809,080906,CUSCO,LA CONVENCION,QUELLOUNO,QUELLOUNO
01,0103,010304,AMAZONAS,BONGARA,COROSHA,COROSHA
04,0403,040309,AREQUIPA,CARAVELI,HUANUHUANU,TOCOTA
21,2107,210709,PUNO,LAMPA,SANTA LUCIA,SANTA LUCIA
02,0207,020701,ANCASH,CARLOS FERMIN FITZCARRALD,SAN LUIS,SAN LUIS
02,0211,021101,ANCASH,HUARMEY,HUARMEY,HUARMEY
02,0211,021103,ANCASH,HUARMEY,CULEBRAS,LA CALETA CULEBRAS
15,1501,150131,LIMA,LIMA,SAN ISIDRO,SAN ISIDRO
04,0401,040120,AREQUIPA,AREQUIPA,SANTA ISABEL DE SIGUAS,SANTA ISABEL DE SIGUAS
12,1204,120417,JUNIN,JAUJA,MASMA CHICCHE,MASMA CHICCHE
22,2210,221002,SAN MARTIN,TOCACHE,NUEVO PROGRESO,NUEVO PROGRESO
22,2210,221001,SAN MARTIN,TOCACHE,TOCACHE,TOCACHE
04,0406,040605,AREQUIPA,CONDESUYOS,IRAY,IRAY
12,1204,120412,JUNIN,JAUJA,JULCAN,JULCAN
02,0215,021504,ANCASH,PALLASCA,HUACASCHUQUE,HUACASCHUQUE
02,0215,021503,ANCASH,PALLASCA,CONCHUCOS,CONCHUCOS
21,2106,210607,PUNO,HUANCANE,TARACO,TARACO
02,0215,021505,ANCASH,PALLASCA,HUANDOVAL,HUANDOVAL
13,1303,130301,LA LIBERTAD,BOLIVAR,BOLIVAR,BOLIVAR
21,2106,210601,PUNO,HUANCANE,HUANCANE,HUANCANE
21,2106,210608,PUNO,HUANCANE,VILQUE CHICO,VILQUE CHICO
06,0608,060806,CAJAMARCA,JAEN,LAS PIRIAS,LAS PIRIAS
02,0217,021702,ANCASH,RECUAY,CATAC,CATAC
16,1607,160701,LORETO,DATEM DEL MARAÑON,BARRANCA,SAN LORENZO
16,1606,160606,LORETO,UCAYALI,VARGAS GUERRA,ORELLANA
01,0106,010601,AMAZONAS,RODRIGUEZ DE MENDOZA,SAN NICOLAS,MENDOZA
18,1801,180101,MOQUEGUA,MARISCAL NIETO,MOQUEGUA,MOQUEGUA
02,0218,021809,ANCASH,SANTA,NUEVO CHIMBOTE,BUENOS AIRES
04,0405,040505,AREQUIPA,CAYLLOMA,CAYLLOMA,CAYLLOMA
21,2106,210602,PUNO,HUANCANE,COJATA,COJATA
06,0601,060110,CAJAMARCA,CAJAMARCA,MATARA,MATARA
12,1204,120420,JUNIN,JAUJA,MUQUI,MUQUI
02,0210,021010,ANCASH,HUARI,PAUCAS,PAUCAS
18,1802,180205,MOQUEGUA,GENERAL SANCHEZ CERRO,LA CAPILLA,LA CAPILLA
03,0301,030104,APURIMAC,ABANCAY,CURAHUASI,CURAHUASI
05,0509,050905,AYACUCHO,SUCRE,HUACAÑA,HUACAÑA
06,0611,061112,CAJAMARCA,SAN MIGUEL,TONGOD,TONGOD
09,0901,090118,HUANCAVELICA,HUANCAVELICA,ASCENSION,ASCENSION
05,0510,051006,AYACUCHO,VICTOR FAJARDO,CAYARA,CAYARA
03,0303,030305,APURIMAC,ANTABAMBA,OROPESA,OROPESA
18,1803,180301,MOQUEGUA,ILO,ILO,ILO
22,2202,220204,SAN MARTIN,BELLAVISTA,HUALLAGA,LEDOY
08,0812,081210,CUSCO,QUISPICANCHI,OCONGATE,OCONGATE
08,0812,081202,CUSCO,QUISPICANCHI,ANDAHUAYLILLAS,ANDAHUAYLILLAS
11,1105,110507,ICA,PISCO,SAN CLEMENTE,SAN CLEMENTE
19,1901,190102,PASCO,PASCO,HUACHON,HUACHON
23,2301,230109,TACNA,TACNA,SAMA,LAS YARAS
04,0402,040201,AREQUIPA,CAMANA,CAMANA,CAMANA
02,0217,021707,ANCASH,RECUAY,PAMPAS CHICO,PAMPAS CHICO
15,1510,151015,LIMA,YAUYOS,HUANGASCAR,HUANGASCAR
19,1901,190104,PASCO,PASCO,HUAYLLAY,HUAYLLAY
03,0307,030710,APURIMAC,GRAU,SANTA ROSA,SANTA ROSA
04,0401,040111,AREQUIPA,AREQUIPA,MOLLEBAYA,MOLLEBAYA
19,1901,190110,PASCO,PASCO,TICLACAYAN,TICLACAYAN
19,1901,190109,PASCO,PASCO,SIMON BOLIVAR,SAN ANTONIO DE RANCAS
04,0401,040117,AREQUIPA,AREQUIPA,SACHACA,SACHACA
08,0813,081302,CUSCO,URUBAMBA,CHINCHERO,CHINCHERO
15,1507,150721,LIMA,HUAROCHIRI,SAN LORENZO DE QUINTI,SAN LORENZO DE QUINTI
01,0101,010105,AMAZONAS,CHACHAPOYAS,CHILIQUIN,CHILIQUIN
04,0403,040303,AREQUIPA,CARAVELI,ATICO,ATICO
02,0208,020803,ANCASH,CASMA,COMANDANTE NOEL,PUERTO CASMA
01,0101,010107,AMAZONAS,CHACHAPOYAS,GRANADA,GRANADA
12,1209,120906,JUNIN,CHUPACA,SAN JUAN DE ISCOS,ISCOS
15,1501,150116,LIMA,LIMA,LINCE,LINCE
17,1703,170302,MADRE DE DIOS,TAHUAMANU,IBERIA,IBERIA
02,0213,021301,ANCASH,MARISCAL LUZURIAGA,PISCOBAMBA,PISCOBAMBA
05,0505,050502,AYACUCHO,LA MAR,ANCO,CHIQUINTIRCA
03,0305,030501,APURIMAC,COTABAMBAS,TAMBOBAMBA,TAMBOBAMBA
03,0304,030405,APURIMAC,AYMARAES,COLCABAMBA,COLCABAMBA
23,2302,230201,TACNA,CANDARAVE,CANDARAVE,CANDARAVE
04,0404,040401,AREQUIPA,CASTILLA,APLAO,APLAO
17,1701,170101,MADRE DE DIOS,TAMBOPATA,TAMBOPATA,PUERTO MALDONADO
01,0101,010104,AMAZONAS,CHACHAPOYAS,CHETO,CHETO
03,0306,030602,APURIMAC,CHINCHEROS,ANCO_HUALLO,URIPA
06,0610,061002,CAJAMARCA,SAN MARCOS,CHANCAY,CHANCAY
04,0405,040520,AREQUIPA,CAYLLOMA,MAJES,EL PEDREGAL
04,0405,040519,AREQUIPA,CAYLLOMA,YANQUE,YANQUE
04,0406,040602,AREQUIPA,CONDESUYOS,ANDARAY,ANDARAY
04,0406,040603,AREQUIPA,CONDESUYOS,CAYARANI,CAYARANI
24,2401,240105,TUMBES,TUMBES,SAN JACINTO,SAN JACINTO
21,2107,210704,PUNO,LAMPA,NICASIO,NICASIO
03,0302,030214,APURIMAC,ANDAHUAYLAS,SAN MIGUEL DE CHACCRAMPA,CHACCRAMPA
24,2401,240104,TUMBES,TUMBES,PAMPAS DE HOSPITAL,PAMPAS DE HOSPITAL
03,0302,030204,APURIMAC,ANDAHUAYLAS,HUANCARAMA,HUANCARAMA
15,1501,150138,LIMA,LIMA,SANTA MARIA DEL MAR,SANTA MARIA DEL MAR
25,2501,250103,UCAYALI,CORONEL PORTILLO,IPARIA,IPARIA
15,1505,150515,LIMA,CAÑETE,SANTA CRUZ DE FLORES,SANTA CRUZ DE FLORES
08,0807,080703,CUSCO,CHUMBIVILCAS,CHAMACA,CHAMACA
11,1105,110504,ICA,PISCO,INDEPENDENCIA,INDEPENDENCIA
22,2209,220911,SAN MARTIN,SAN MARTIN,PAPAPLAYA,PAPAPLAYA
22,2205,220506,SAN MARTIN,LAMAS,PINTO RECODO,PINTO RECODO
04,0401,040115,AREQUIPA,AREQUIPA,QUEQUEÑA,QUEQUEÑA
19,1901,190107,PASCO,PASCO,PAUCARTAMBO,PAUCARTAMBO
04,0404,040405,AREQUIPA,CASTILLA,CHILCAYMARCA,CHILCAYMARCA
02,0204,020402,ANCASH,ASUNCION,ACOCHACA,ACOCHACA
06,0608,060809,CAJAMARCA,JAEN,SALLIQUE,SALLIQUE
09,0902,090208,HUANCAVELICA,ACOBAMBA,ROSARIO,ROSARIO
03,0304,030406,APURIMAC,AYMARAES,COTARUSE,COTARUSE
16,1604,160403,LORETO,MARISCAL RAMON CASTILLA,YAVARI,AMELIA /14
19,1901,190103,PASCO,PASCO,HUARIACA,HUARIACA
04,0403,040301,AREQUIPA,CARAVELI,CARAVELI,CARAVELI
02,0215,021507,ANCASH,PALLASCA,LLAPO,LLAPO
04,0405,040512,AREQUIPA,CAYLLOMA,MACA,MACA
10,1004,100401,HUANUCO,HUACAYBAMBA,HUACAYBAMBA,HUACAYBAMBA
25,2503,250305,UCAYALI,PADRE ABAD,ALEXANDER VON HUMBOLDT,ALEXANDER VON HUMBOLDT
25,2503,250304,UCAYALI,PADRE ABAD,NESHUYA,MONTE ALEGRE
06,0601,060103,CAJAMARCA,CAJAMARCA,CHETILLA,CHETILLA
02,0201,020107,ANCASH,HUARAZ,LA LIBERTAD,CAJAMARQUILLA
21,2101,210108,PUNO,PUNO,HUATA,HUATA
05,0507,050705,AYACUCHO,PARINACOCHAS,PULLO,PULLO
05,0506,050621,AYACUCHO,LUCANAS,SANTA LUCIA,SANTA LUCIA
05,0508,050806,AYACUCHO,PAUCAR DEL SARA SARA,OYOLO,OYOLO
04,0405,040506,AREQUIPA,CAYLLOMA,COPORAQUE,COPORAQUE
19,1902,190205,PASCO,DANIEL ALCIDES CARRION,SAN PEDRO DE PILLAO,SAN PEDRO DE PILLAO
17,1701,170104,MADRE DE DIOS,TAMBOPATA,LABERINTO,PUERTO ROSARIO DE LABERINTO
22,2210,221004,SAN MARTIN,TOCACHE,SHUNTE,TAMBO DE PAJA /18
21,2107,210701,PUNO,LAMPA,LAMPA,LAMPA
05,0510,051009,AYACUCHO,VICTOR FAJARDO,HUANCARAYLLA,HUANCARAYLLA
19,1902,190207,PASCO,DANIEL ALCIDES CARRION,TAPUC,TAPUC
08,0812,081211,CUSCO,QUISPICANCHI,OROPESA,OROPESA
09,0902,090202,HUANCAVELICA,ACOBAMBA,ANDABAMBA,ANDABAMBA
12,1203,120301,JUNIN,CHANCHAMAYO,CHANCHAMAYO,LA MERCED
19,1903,190305,PASCO,OXAPAMPA,POZUZO,POZUZO
19,1903,190304,PASCO,OXAPAMPA,PALCAZU,ISCOZACIN
05,0511,051103,AYACUCHO,VILCAS HUAMAN,CARHUANCA,CARHUANCA
22,2209,220904,SAN MARTIN,SAN MARTIN,CHAZUTA,CHAZUTA
06,0601,060107,CAJAMARCA,CAJAMARCA,LLACANORA,LLACANORA
03,0302,030202,APURIMAC,ANDAHUAYLAS,ANDARAPA,ANDARAPA
04,0401,040109,AREQUIPA,AREQUIPA,MARIANO MELGAR,MARIANO MELGAR
15,1507,150701,LIMA,HUAROCHIRI,MATUCANA,MATUCANA
06,0603,060305,CAJAMARCA,CELENDIN,JORGE CHAVEZ,LUCMAPAMPA
08,0805,080505,CUSCO,CANAS,LAYO,LAYO
12,1202,120207,JUNIN,CONCEPCION,HEROINAS TOLEDO,SAN ANTONIO DE OCOPA
06,0606,060611,CAJAMARCA,CUTERVO,SANTA CRUZ,SANTA CRUZ
01,0105,010511,AMAZONAS,LUYA,MARIA,MARIA
06,0604,060404,CAJAMARCA,CHOTA,CHIGUIRIP,CHIGUIRIP
19,1901,190106,PASCO,PASCO,PALLANCHACRA,PALLANCHACRA
21,2108,210801,PUNO,MELGAR,AYAVIRI,AYAVIRI
22,2208,220803,SAN MARTIN,RIOJA,ELIAS SOPLIN VARGAS,SEGUNDA JERUSALEN-AZUNGUILLO
08,0809,080915,CUSCO,LA CONVENCION,KUMPIRUSHIATO,KEPASHIATO
05,0510,051007,AYACUCHO,VICTOR FAJARDO,COLCA,COLCA
01,0105,010519,AMAZONAS,LUYA,SAN JUAN DE LOPECANCHA,SAN JUAN DE LOPECANCHA
21,2108,210806,PUNO,MELGAR,NUÑOA,NUÑOA
21,2108,210805,PUNO,MELGAR,MACARI,MACARI
21,2109,210901,PUNO,MOHO,MOHO,MOHO
12,1203,120305,JUNIN,CHANCHAMAYO,SAN RAMON,SAN RAMON
09,0901,090105,HUANCAVELICA,HUANCAVELICA,CUENCA,CUENCA
09,0904,090410,HUANCAVELICA,CASTROVIRREYNA,SAN JUAN,SAN JUAN
07,0701,070104,CALLAO,CALLAO,LA PERLA,LA PERLA
06,0605,060508,CAJAMARCA,CONTUMAZA,YONAN,TEMBLADERA
02,0218,021802,ANCASH,SANTA,CACERES DEL PERU,JIMBE
08,0803,080308,CUSCO,ANTA,PUCYURA,PUCYURA
06,0608,060801,CAJAMARCA,JAEN,JAEN,JAEN
20,2006,200603,PIURA,SULLANA,IGNACIO ESCUDERO,SAN JACINTO
04,0405,040517,AREQUIPA,CAYLLOMA,TISCO,TISCO
04,0404,040410,AREQUIPA,CASTILLA,PAMPACOLCA,PAMPACOLCA
02,0219,021901,ANCASH,SIHUAS,SIHUAS,SIHUAS
21,2101,210106,PUNO,PUNO,CHUCUITO,CHUCUITO
21,2112,211209,PUNO,SANDIA,ALTO INAMBARI,MASSIAPO
21,2103,210301,PUNO,CARABAYA,MACUSANI,MACUSANI
21,2113,211304,PUNO,YUNGUYO,CUTURAPI,SAN JUAN DE CUTURAPI
04,0404,040411,AREQUIPA,CASTILLA,TIPAN,TIPAN
04,0404,040414,AREQUIPA,CASTILLA,VIRACO,VIRACO
15,1501,150105,LIMA,LIMA,BREÑA,BREÑA
06,0613,061311,CAJAMARCA,SANTA CRUZ,YAUYUCAN,YAUYUCAN
08,0807,080701,CUSCO,CHUMBIVILCAS,SANTO TOMAS,SANTO TOMAS
07,0701,070106,CALLAO,CALLAO,VENTANILLA,VENTANILLA
13,1302,130206,LA LIBERTAD,ASCOPE,RAZURI,PUERTO DE MALABRIGO
16,1601,160102,LORETO,MAYNAS,ALTO NANAY,SANTA MARIA DE NANAY
08,0809,080905,CUSCO,LA CONVENCION,OCOBAMBA,OCOBAMBA /7
04,0401,040122,AREQUIPA,AREQUIPA,SOCABAYA,SOCABAYA
06,0605,060503,CAJAMARCA,CONTUMAZA,CUPISNIQUE,TRINIDAD
21,2113,211306,PUNO,YUNGUYO,TINICACHI,TINICACHI
12,1204,120401,JUNIN,JAUJA,JAUJA,JAUJA
06,0613,061306,CAJAMARCA,SANTA CRUZ,NINABAMBA,NINABAMBA
08,0801,080107,CUSCO,CUSCO,SAYLLA,SAYLLA
21,2105,210505,PUNO,EL COLLAO,CONDURIRI,CONDURIRI
14,1402,140201,LAMBAYEQUE,FERREÑAFE,FERREÑAFE,FERREÑAFE
25,2504,250401,UCAYALI,PURUS,PURUS,ESPERANZA
04,0401,040126,AREQUIPA,AREQUIPA,YANAHUARA,YANAHUARA
08,0808,080803,CUSCO,ESPINAR,COPORAQUE,COPORAQUE
05,0505,050505,AYACUCHO,LA MAR,CHUNGUI,CHUNGUI
13,1302,130201,LA LIBERTAD,ASCOPE,ASCOPE,ASCOPE
21,2103,210306,PUNO,CARABAYA,CRUCERO,CRUCERO
23,2301,230110,TACNA,TACNA,CORONEL GREGORIO ALBARRACIN LANCHIPA,ALFONSO UGARTE
22,2209,220902,SAN MARTIN,SAN MARTIN,ALBERTO LEVEAU,UTCURARCA
06,0613,061308,CAJAMARCA,SANTA CRUZ,SAUCEPAMPA,SAUCEPAMPA
15,1510,151005,LIMA,YAUYOS,AZANGARO,AZANGARO
06,0610,061004,CAJAMARCA,SAN MARCOS,GREGORIO PITA,PAUCAMARCA
11,1101,110114,ICA,ICA,YAUCA DEL ROSARIO,CURIS /9
08,0806,080602,CUSCO,CANCHIS,CHECACUPE,CHECACUPE
20,2001,200114,PIURA,PIURA,TAMBO GRANDE,TAMBO GRANDE
08,0806,080605,CUSCO,CANCHIS,PITUMARCA,PITUMARCA
09,0903,090301,HUANCAVELICA,ANGARAES,LIRCAY,LIRCAY
12,1201,120108,JUNIN,HUANCAYO,CHONGOS ALTO,CHONGOS ALTO
02,0202,020204,ANCASH,AIJA,LA MERCED,LA MERCED
05,0511,051107,AYACUCHO,VILCAS HUAMAN,SAURAMA,SAURAMA
08,0808,080801,CUSCO,ESPINAR,ESPINAR,YAURI
08,0808,080805,CUSCO,ESPINAR,PALLPATA,HECTOR TEJADA
11,1102,110210,ICA,CHINCHA,SUNAMPE,SUNAMPE
12,1208,120804,JUNIN,YAULI,MARCAPOMACOCHA,MARCAPOMACOCHA
12,1204,120429,JUNIN,JAUJA,SAN PEDRO DE CHUNAN,SAN PEDRO DE CHUNAN
08,0804,080408,CUSCO,CALCA,YANATILE,QUEBRADA HONDA
09,0901,090103,HUANCAVELICA,HUANCAVELICA,ACORIA,ACORIA
23,2301,230108,TACNA,TACNA,POCOLLAY,POCOLLAY
04,0401,040123,AREQUIPA,AREQUIPA,TIABAYA,TIABAYA
11,1105,110505,ICA,PISCO,PARACAS,PARACAS
14,1401,140113,LAMBAYEQUE,CHICLAYO,REQUE,REQUE
23,2304,230407,TACNA,TARATA,TARUCACHI,TARUCACHI
21,2101,210112,PUNO,PUNO,PLATERIA,PLATERIA
07,0701,070102,CALLAO,CALLAO,BELLAVISTA,BELLAVISTA
09,0906,090601,HUANCAVELICA,HUAYTARA,HUAYTARA,HUAYTARA
02,0211,021104,ANCASH,HUARMEY,HUAYAN,HUAYAN
10,1011,101102,HUANUCO,YAROWILCA,CAHUAC,CAHUAC
13,1301,130107,LA LIBERTAD,TRUJILLO,MOCHE,MOCHE
09,0901,090111,HUANCAVELICA,HUANCAVELICA,MARISCAL CACERES,MARISCAL CACERES
15,1501,150108,LIMA,LIMA,CHORRILLOS,CHORRILLOS
12,1204,120419,JUNIN,JAUJA,MONOBAMBA,MONOBAMBA
06,0612,061203,CAJAMARCA,SAN PABLO,SAN LUIS,SAN LUIS GRANDE
12,1204,120424,JUNIN,JAUJA,PANCAN,PANCAN
22,2209,220901,SAN MARTIN,SAN MARTIN,TARAPOTO,TARAPOTO
06,0603,060303,CAJAMARCA,CELENDIN,CORTEGANA,CHIMUCH (CORTEGANA)
16,1602,160206,LORETO,ALTO AMAZONAS,LAGUNAS,LAGUNAS
02,0210,021014,ANCASH,HUARI,SAN MARCOS,SAN MARCOS
22,2209,220914,SAN MARTIN,SAN MARTIN,SHAPAJA,SHAPAJA
09,0903,090307,HUANCAVELICA,ANGARAES,HUANCA-HUANCA,HUANCA-HUANCA
21,2112,211210,PUNO,SANDIA,SAN PEDRO DE PUTINA PUNCO,PUTINA PUNCO
08,0809,080908,CUSCO,LA CONVENCION,SANTA TERESA,SANTA TERESA
08,0803,080303,CUSCO,ANTA,CACHIMAYO,CACHIMAYO
21,2112,211203,PUNO,SANDIA,LIMBANI,LIMBANI
08,0811,081104,CUSCO,PAUCARTAMBO,COLQUEPATA,COLQUEPATA
09,0906,090613,HUANCAVELICA,HUAYTARA,SANTIAGO DE CHOCORVOS,SANTIAGO DE CHOCORVOS
08,0812,081209,CUSCO,QUISPICANCHI,MARCAPATA,MARCAPATA
21,2104,210402,PUNO,CHUCUITO,DESAGUADERO,DESAGUADERO
02,0201,020101,ANCASH,HUARAZ,HUARAZ,HUARAZ
12,1206,120601,JUNIN,SATIPO,SATIPO,SATIPO
12,1205,120504,JUNIN,JUNIN,ULCUMAYO,ULCUMAYO
03,0306,030608,APURIMAC,CHINCHEROS,RANRACANCHA,RANRACANCHA
08,0810,081009,CUSCO,PARURO,YAURISQUE,YAURISQUE
15,1503,150301,LIMA,CAJATAMBO,CAJATAMBO,CAJATAMBO
12,1206,120605,JUNIN,SATIPO,PAMPA HERMOSA,MARIPOSA
12,1207,120704,JUNIN,TARMA,HUASAHUASI,HUASAHUASI
12,1207,120708,JUNIN,TARMA,SAN PEDRO DE CAJAS,SAN PEDRO DE CAJAS
10,1007,100702,HUANUCO,MARAÑON,CHOLON,SAN PEDRO DE CHONTA
23,2304,230404,TACNA,TARATA,ESTIQUE-PAMPA,ESTIQUE-PAMPA
11,1102,110205,ICA,CHINCHA,EL CARMEN,EL CARMEN
12,1208,120807,JUNIN,YAULI,SANTA BARBARA DE CARHUACAYAN,SANTA BARBARA DE CARHUACAYAN
13,1301,130103,LA LIBERTAD,TRUJILLO,FLORENCIA DE MORA,FLORENCIA DE MORA
04,0407,040703,AREQUIPA,ISLAY,DEAN VALDIVIA,LA CURVA
08,0811,081101,CUSCO,PAUCARTAMBO,PAUCARTAMBO,PAUCARTAMBO
18,1801,180103,MOQUEGUA,MARISCAL NIETO,CUCHUMBAYA,CUCHUMBAYA
08,0813,081306,CUSCO,URUBAMBA,OLLANTAYTAMBO,OLLANTAYTAMBO
13,1308,130808,LA LIBERTAD,PATAZ,PARCOY,PARCOY
18,1803,180302,MOQUEGUA,ILO,EL ALGARROBAL,EL ALGARROBAL
08,0812,081203,CUSCO,QUISPICANCHI,CAMANTI,QUINCE MIL
20,2004,200406,PIURA,MORROPON,SALITRAL,SALITRAL
03,0302,030203,APURIMAC,ANDAHUAYLAS,CHIARA,CHIARA
23,2304,230405,TACNA,TARATA,SITAJARA,SITAJARA
16,1601,160107,LORETO,MAYNAS,NAPO,SANTA CLOTILDE
16,1601,160110,LORETO,MAYNAS,TORRES CAUSANA,PANTOJA
02,0214,021407,ANCASH,OCROS,LLIPA,LLIPA
03,0304,030413,APURIMAC,AYMARAES,SORAYA,SORAYA
10,1004,100403,HUANUCO,HUACAYBAMBA,COCHABAMBA,COCHABAMBA
10,1005,100507,HUANUCO,HUAMALIES,MONZON,MONZON
19,1903,190308,PASCO,OXAPAMPA,CONSTITUCION,CONSTITUCION
10,1006,100603,HUANUCO,LEONCIO PRADO,HERMILIO VALDIZAN,HERMILIO VALDIZAN
10,1006,100602,HUANUCO,LEONCIO PRADO,DANIEL ALOMIA ROBLES,DANIEL ALOMIA ROBLES (PUMAHUASI)
15,1507,150724,LIMA,HUAROCHIRI,SAN PEDRO DE CASTA,SAN PEDRO DE CASTA
01,0105,010517,AMAZONAS,LUYA,SAN FRANCISCO DEL YESO,SAN FRANCISCO DEL YESO
10,1008,100802,HUANUCO,PACHITEA,CHAGLLA,CHAGLLA
08,0812,081201,CUSCO,QUISPICANCHI,URCOS,URCOS
03,0302,030213,APURIMAC,ANDAHUAYLAS,SAN JERONIMO,SAN JERONIMO
08,0804,080407,CUSCO,CALCA,TARAY,TARAY
11,1103,110301,ICA,NASCA,NASCA,NASCA
10,1003,100307,HUANUCO,DOS DE MAYO,CHUQUIS,CHUQUIS
20,2006,200602,PIURA,SULLANA,BELLAVISTA,BELLAVISTA
20,2006,200601,PIURA,SULLANA,SULLANA,SULLANA
12,1201,120119,JUNIN,HUANCAYO,HUANCAN,HUANCAN
03,0304,030417,APURIMAC,AYMARAES,YANACA,YANACA
11,1101,110105,ICA,ICA,PACHACUTEC,PAMPA DE TATE
20,2006,200604,PIURA,SULLANA,LANCONES,LANCONES
11,1101,110109,ICA,ICA,SAN JOSE DE LOS MOLINOS,SAN JOSE DE LOS MOLINOS
12,1208,120810,JUNIN,YAULI,YAULI,YAULI
11,1101,110113,ICA,ICA,TATE,TATE DE LA CAPILLA
11,1101,110111,ICA,ICA,SANTIAGO,SANTIAGO
22,2210,221005,SAN MARTIN,TOCACHE,UCHIZA,UCHIZA
04,0405,040501,AREQUIPA,CAYLLOMA,CHIVAY,CHIVAY
02,0208,020801,ANCASH,CASMA,CASMA,CASMA
04,0405,040509,AREQUIPA,CAYLLOMA,ICHUPAMPA,ICHUPAMPA
01,0105,010520,AMAZONAS,LUYA,SANTA CATALINA,SANTA CATALINA
03,0303,030302,APURIMAC,ANTABAMBA,EL ORO,AYAHUAY
18,1801,180104,MOQUEGUA,MARISCAL NIETO,SAMEGUA,SAMEGUA
08,0806,080608,CUSCO,CANCHIS,TINTA,TINTA
11,1105,110501,ICA,PISCO,PISCO,PISCO
22,2202,220202,SAN MARTIN,BELLAVISTA,ALTO BIAVO,CUZCO
25,2501,250101,UCAYALI,CORONEL PORTILLO,CALLERIA,PUCALLPA
12,1201,120129,JUNIN,HUANCAYO,SAN AGUSTIN,SAN AGUSTIN
04,0405,040513,AREQUIPA,CAYLLOMA,MADRIGAL,MADRIGAL
22,2206,220605,SAN MARTIN,MARISCAL CACERES,PAJARILLO,PAJARILLO
12,1201,120116,JUNIN,HUANCAYO,HUACRAPUQUIO,HUACRAPUQUIO
12,1201,120130,JUNIN,HUANCAYO,SAN JERONIMO DE TUNAN,SAN JERONIMO DE TUNAN
13,1310,131001,LA LIBERTAD,SANTIAGO DE CHUCO,SANTIAGO DE CHUCO,SANTIAGO DE CHUCO
23,2304,230402,TACNA,TARATA,HEROES ALBARRACIN,CHUCATAMANI
23,2302,230204,TACNA,CANDARAVE,CURIBAYA,CURIBAYA
21,2109,210904,PUNO,MOHO,TILALI,TILALI
21,2109,210902,PUNO,MOHO,CONIMA,CONIMA
04,0405,040518,AREQUIPA,CAYLLOMA,TUTI,TUTI
12,1204,120405,JUNIN,JAUJA,CANCHAYLLO,CANCHAYLLO
12,1204,120403,JUNIN,JAUJA,APATA,APATA
12,1204,120413,JUNIN,JAUJA,LEONOR ORDOÑEZ,HUANCANI
22,2209,220912,SAN MARTIN,SAN MARTIN,SAN ANTONIO,SAN ANTONIO
23,2302,230202,TACNA,CANDARAVE,CAIRANI,CAIRANI
12,1204,120416,JUNIN,JAUJA,MASMA,MASMA
20,2003,200301,PIURA,HUANCABAMBA,HUANCABAMBA,HUANCABAMBA
16,1601,160113,LORETO,MAYNAS,SAN JUAN BAUTISTA,SAN JUAN
16,1602,160202,LORETO,ALTO AMAZONAS,BALSAPUERTO,BALSAPUERTO
02,0210,021004,ANCASH,HUARI,CHAVIN DE HUANTAR,CHAVIN DE HUANTAR
05,0504,050403,AYACUCHO,HUANTA,HUAMANGUILLA,HUAMANGUILLA
05,0504,050404,AYACUCHO,HUANTA,IGUAIN,MACACHACRA
04,0402,040206,AREQUIPA,CAMANA,OCOÑA,OCOÑA
25,2503,250301,UCAYALI,PADRE ABAD,PADRE ABAD,AGUAYTIA
10,1009,100901,HUANUCO,PUERTO INCA,PUERTO INCA,PUERTO INCA
21,2106,210605,PUNO,HUANCANE,PUSI,PUSI
03,0306,030607,APURIMAC,CHINCHEROS,URANMARCA,URANMARCA
03,0304,030408,APURIMAC,AYMARAES,JUSTO APU SAHUARAURA,PICHIHUA
13,1309,130901,LA LIBERTAD,SANCHEZ CARRION,HUAMACHUCO,HUAMACHUCO
02,0217,021709,ANCASH,RECUAY,TAPACOCHA,TAPACOCHA
23,2302,230203,TACNA,CANDARAVE,CAMILACA,ALTO CAMILACA
13,1306,130610,LA LIBERTAD,OTUZCO,PARANDAY,PARANDAY
09,0901,090115,HUANCAVELICA,HUANCAVELICA,PILCHACA,PILCHACA
04,0407,040705,AREQUIPA,ISLAY,MEJIA,MEJIA
05,0508,050809,AYACUCHO,PAUCAR DEL SARA SARA,SAN JOSE DE USHUA,SAN JOSE DE USHUA
21,2102,210208,PUNO,AZANGARO,MUÑANI,MUÑANI
21,2102,210209,PUNO,AZANGARO,POTONI,POTONI
06,0607,060702,CAJAMARCA,HUALGAYOC,CHUGUR,CHUGUR
13,1308,130811,LA LIBERTAD,PATAZ,SANTIAGO DE CHALLAS,CHALLAS
05,0505,050512,AYACUCHO,LA MAR,UNION PROGRESO,SAN ANTONIO
25,2503,250303,UCAYALI,PADRE ABAD,CURIMANA,CURIMANA
02,0203,020305,ANCASH,ANTONIO RAYMONDI,MIRGAS,MIRGAS
02,0218,021803,ANCASH,SANTA,COISHCO,COISHCO
04,0402,040202,AREQUIPA,CAMANA,JOSE MARIA QUIMPER,EL CARDO
24,2403,240301,TUMBES,ZARUMILLA,ZARUMILLA,ZARUMILLA
06,0608,060804,CAJAMARCA,JAEN,COLASAY,COLASAY
16,1602,160211,LORETO,ALTO AMAZONAS,TENIENTE CESAR LOPEZ ROJAS,SHUCUSHUYACU
06,0608,060807,CAJAMARCA,JAEN,POMAHUACA,POMAHUACA
13,1312,131202,LA LIBERTAD,VIRU,CHAO,CHAO
02,0209,020901,ANCASH,CORONGO,CORONGO,CORONGO
15,1501,150107,LIMA,LIMA,CHACLACAYO,CHACLACAYO
02,0203,020301,ANCASH,ANTONIO RAYMONDI,LLAMELLIN,LLAMELLIN
22,2208,220805,SAN MARTIN,RIOJA,PARDO MIGUEL,NARANJOS
02,0209,020902,ANCASH,CORONGO,ACO,ACO
22,2209,220907,SAN MARTIN,SAN MARTIN,HUIMBAYOC,HUIMBAYOC
01,0104,010403,AMAZONAS,CONDORCANQUI,RIO SANTIAGO,PUERTO GALILEA
16,1606,160605,LORETO,UCAYALI,SARAYACU,DOS DE MAYO
14,1403,140308,LAMBAYEQUE,LAMBAYEQUE,OLMOS,OLMOS
15,1501,150101,LIMA,LIMA,LIMA,LIMA
15,1501,150102,LIMA,LIMA,ANCON,ANCON
22,2206,220604,SAN MARTIN,MARISCAL CACERES,PACHIZA,PACHIZA
15,1501,150109,LIMA,LIMA,CIENEGUILLA,CIENEGUILLA
15,1501,150113,LIMA,LIMA,JESUS MARIA,JESUS MARIA
15,1501,150120,LIMA,LIMA,MAGDALENA DEL MAR,MAGDALENA DEL MAR
15,1501,150121,LIMA,LIMA,PUEBLO LIBRE,PUEBLO LIBRE
15,1501,150124,LIMA,LIMA,PUCUSANA,PUCUSANA
09,0901,090104,HUANCAVELICA,HUANCAVELICA,CONAYCA,CONAYCA
15,1501,150126,LIMA,LIMA,PUNTA HERMOSA,PUNTA HERMOSA
15,1501,150129,LIMA,LIMA,SAN BARTOLO,SAN BARTOLO
21,2103,210310,PUNO,CARABAYA,USICAYOS,USICAYOS
15,1501,150137,LIMA,LIMA,SANTA ANITA,SANTA ANITA - LOS FICUS
02,0201,020104,ANCASH,HUARAZ,HUANCHAY,HUANCHAY
12,1201,120107,JUNIN,HUANCAYO,CHILCA,CHILCA
22,2204,220405,SAN MARTIN,HUALLAGA,SACANCHE,SACANCHE
20,2002,200202,PIURA,AYABACA,FRIAS,FRIAS
20,2002,200206,PIURA,AYABACA,PACAIPAMPA,PACAIPAMPA
20,2001,200108,PIURA,PIURA,EL TALLAN,SINCHAO
15,1502,150205,LIMA,BARRANCA,SUPE PUERTO,SUPE PUERTO
02,0205,020503,ANCASH,BOLOGNESI,ANTONIO RAYMONDI,RAQUIA
20,2003,200303,PIURA,HUANCABAMBA,EL CARMEN DE LA FRONTERA,SAPALACHE
11,1105,110508,ICA,PISCO,TUPAC AMARU INCA,TUPAC AMARU
15,1505,150502,LIMA,CAÑETE,ASIA,ASIA
12,1204,120406,JUNIN,JAUJA,CURICACA,EL ROSARIO
22,2209,220908,SAN MARTIN,SAN MARTIN,JUAN GUERRA,JUAN GUERRA
22,2209,220910,SAN MARTIN,SAN MARTIN,MORALES,MORALES
20,2001,200111,PIURA,PIURA,LAS LOMAS,LAS LOMAS
20,2008,200801,PIURA,SECHURA,SECHURA,SECHURA
09,0906,090607,HUANCAVELICA,HUAYTARA,PILPICHACA,PILPICHACA
04,0401,040128,AREQUIPA,AREQUIPA,YURA,YURA
04,0401,040119,AREQUIPA,AREQUIPA,SAN JUAN DE TARUCANI,TARUCANI
15,1510,151007,LIMA,YAUYOS,CARANIA,CARANIA
09,0903,090310,HUANCAVELICA,ANGARAES,SAN ANTONIO DE ANTAPARCO,ANTAPARCO
15,1507,150707,LIMA,HUAROCHIRI,HUACHUPAMPA,SAN LORENZO DE HUACHUPAMPA
05,0504,050406,AYACUCHO,HUANTA,SANTILLANA,SAN JOSE DE SECCE
05,0506,050617,AYACUCHO,LUCANAS,SAN PEDRO,SAN PEDRO
15,1505,150514,LIMA,CAÑETE,SAN LUIS,SAN LUIS
15,1506,150604,LIMA,HUARAL,AUCALLAMA,AUCALLAMA
04,0401,040129,AREQUIPA,AREQUIPA,JOSE LUIS BUSTAMANTE Y RIVERO,CIUDAD SATELITE
15,1506,150603,LIMA,HUARAL,ATAVILLOS BAJO,SAN AGUSTIN DE HUAYOPAMPA
05,0510,051012,AYACUCHO,VICTOR FAJARDO,VILCANCHOS,VILCANCHOS
05,0506,050619,AYACUCHO,LUCANAS,SANCOS,SANCOS
04,0402,040208,AREQUIPA,CAMANA,SAMUEL PASTOR,LA PAMPA
05,0507,050701,AYACUCHO,PARINACOCHAS,CORACORA,CORACORA
18,1802,180209,MOQUEGUA,GENERAL SANCHEZ CERRO,QUINISTAQUILLAS,QUINISTAQUILLAS
21,2113,211303,PUNO,YUNGUYO,COPANI,COPANI
05,0506,050605,AYACUCHO,LUCANAS,CHAVIÑA,CHAVIÑA
05,0506,050612,AYACUCHO,LUCANAS,OCAÑA,OCAÑA
18,1802,180201,MOQUEGUA,GENERAL SANCHEZ CERRO,OMATE,OMATE
18,1802,180203,MOQUEGUA,GENERAL SANCHEZ CERRO,COALAQUE,COALAQUE
05,0509,050911,AYACUCHO,SUCRE,SORAS,SORAS
08,0801,080106,CUSCO,CUSCO,SANTIAGO,SANTIAGO
06,0609,060901,CAJAMARCA,SAN IGNACIO,SAN IGNACIO,SAN IGNACIO
09,0904,090401,HUANCAVELICA,CASTROVIRREYNA,CASTROVIRREYNA,CASTROVIRREYNA
05,0501,050104,AYACUCHO,HUAMANGA,CARMEN ALTO,CARMEN ALTO
15,1508,150805,LIMA,HUAURA,HUALMAY,HUALMAY
05,0502,050202,AYACUCHO,CANGALLO,CHUSCHI,CHUSCHI
02,0217,021710,ANCASH,RECUAY,TICAPAMPA,TICAPAMPA
10,1007,100701,HUANUCO,MARAÑON,HUACRACHUCO,HUACRACHUCO
10,1006,100601,HUANUCO,LEONCIO PRADO,RUPA-RUPA,TINGO MARIA
04,0401,040113,AREQUIPA,AREQUIPA,POCSI,POCSI
04,0401,040106,AREQUIPA,AREQUIPA,CHIGUATA,CHIGUATA
23,2302,230206,TACNA,CANDARAVE,QUILAHUANI,QUILAHUANI
04,0401,040107,AREQUIPA,AREQUIPA,JACOBO HUNTER,JACOBO HUNTER
04,0401,040116,AREQUIPA,AREQUIPA,SABANDIA,SABANDIA
10,1006,100606,HUANUCO,LEONCIO PRADO,MARIANO DAMASO BERAUN,LAS PALMAS
25,2501,250106,UCAYALI,CORONEL PORTILLO,NUEVA REQUENA,NUEVA REQUENA
25,2501,250102,UCAYALI,CORONEL PORTILLO,CAMPOVERDE,CAMPO VERDE
16,1606,160601,LORETO,UCAYALI,CONTAMANA,CONTAMANA
04,0404,040404,AREQUIPA,CASTILLA,CHACHAS,CHACHAS
13,1302,130207,LA LIBERTAD,ASCOPE,SANTIAGO DE CAO,SANTIAGO DE CAO
12,1204,120404,JUNIN,JAUJA,ATAURA,ATAURA
08,0809,080902,CUSCO,LA CONVENCION,ECHARATE,ECHARATE
10,1006,100604,HUANUCO,LEONCIO PRADO,JOSE CRESPO Y CASTILLO,AUCAYACU
04,0401,040110,AREQUIPA,AREQUIPA,MIRAFLORES,MIRAFLORES
06,0606,060601,CAJAMARCA,CUTERVO,CUTERVO,CUTERVO
04,0401,040105,AREQUIPA,AREQUIPA,CHARACATO,CHARACATO
13,1302,130204,LA LIBERTAD,ASCOPE,MAGDALENA DE CAO,MAGDALENA DE CAO
06,0613,061302,CAJAMARCA,SANTA CRUZ,ANDABAMBA,ANDABAMBA
13,1302,130203,LA LIBERTAD,ASCOPE,CHOCOPE,CHOCOPE
06,0604,060408,CAJAMARCA,CHOTA,CONCHAN,CONCHAN
22,2206,220603,SAN MARTIN,MARISCAL CACERES,HUICUNGO,HUICUNGO
23,2301,230103,TACNA,TACNA,CALANA,CALANA
20,2005,200507,PIURA,PAITA,VICHAYAL,SAN FELIPE DE VICHAYAL
10,1006,100607,HUANUCO,LEONCIO PRADO,PUCAYACU,PUCAYACU
18,1802,180206,MOQUEGUA,GENERAL SANCHEZ CERRO,LLOQUE,LLOQUE
10,1006,100609,HUANUCO,LEONCIO PRADO,PUEBLO NUEVO,PUEBLO NUEVO
25,2503,250302,UCAYALI,PADRE ABAD,IRAZOLA,SAN ALEJANDRO
02,0205,020505,ANCASH,BOLOGNESI,CAJACAY,CAJACAY
03,0306,030612,APURIMAC,CHINCHEROS,AHUAYRO,AHUAYRO
13,1302,130202,LA LIBERTAD,ASCOPE,CHICAMA,CHICAMA
04,0407,040704,AREQUIPA,ISLAY,ISLAY,ISLAY (MATARANI)
18,1801,180106,MOQUEGUA,MARISCAL NIETO,TORATA,TORATA
13,1303,130303,LA LIBERTAD,BOLIVAR,CONDORMARCA,CONDORMARCA /12
22,2206,220602,SAN MARTIN,MARISCAL CACERES,CAMPANILLA,CAMPANILLA
02,0214,021404,ANCASH,OCROS,CARHUAPAMPA,ACO
02,0206,020609,ANCASH,CARHUAZ,SHILLA,SHILLA
13,1311,131101,LA LIBERTAD,GRAN CHIMU,CASCAS,CASCAS
21,2103,210304,PUNO,CARABAYA,COASA,COASA
10,1001,100106,HUANUCO,HUANUCO,QUISQUI (KICHKI),HUANCAPALLAC
19,1903,190303,PASCO,OXAPAMPA,HUANCABAMBA,HUANCABAMBA
15,1504,150405,LIMA,CANTA,LACHAQUI,LACHAQUI
11,1105,110506,ICA,PISCO,SAN ANDRES,SAN ANDRES
15,1501,150134,LIMA,LIMA,SAN LUIS,SAN LUIS
04,0407,040702,AREQUIPA,ISLAY,COCACHACRA,COCACHACRA
04,0407,040701,AREQUIPA,ISLAY,MOLLENDO,MOLLENDO
18,1801,180102,MOQUEGUA,MARISCAL NIETO,CARUMAS,CARUMAS
04,0402,040207,AREQUIPA,CAMANA,QUILCA,QUILCA
11,1105,110502,ICA,PISCO,HUANCANO,HUANCANO
06,0608,060802,CAJAMARCA,JAEN,BELLAVISTA,BELLAVISTA
06,0606,060607,CAJAMARCA,CUTERVO,QUEROCOTILLO,QUEROCOTILLO
08,0801,080103,CUSCO,CUSCO,POROY,POROY
21,2113,211307,PUNO,YUNGUYO,UNICACHI,MARCAJA
02,0212,021207,ANCASH,HUAYLAS,PUEBLO LIBRE,PUEBLO LIBRE /1
24,2403,240303,TUMBES,ZARUMILLA,MATAPALO,MATAPALO
01,0107,010703,AMAZONAS,UTCUBAMBA,CUMBA,CUMBA
20,2001,200110,PIURA,PIURA,LA UNION,LA UNION
05,0505,050504,AYACUCHO,LA MAR,CHILCAS,CHILCAS
01,0107,010707,AMAZONAS,UTCUBAMBA,YAMON,YAMON
20,2007,200704,PIURA,TALARA,LOBITOS,LOBITOS
09,0903,090311,HUANCAVELICA,ANGARAES,SANTO TOMAS DE PATA,SANTO TOMAS DE PATA
09,0905,090511,HUANCAVELICA,CHURCAMPA,COSME,SANTA CLARA DE COSME
10,1005,100510,HUANUCO,HUAMALIES,SINGA,SINGA
13,1307,130704,LA LIBERTAD,PACASMAYO,PACASMAYO,PACASMAYO
15,1509,150902,LIMA,OYON,ANDAJES,ANDAJES
12,1203,120303,JUNIN,CHANCHAMAYO,PICHANAQUI,BAJO PICHANAQUI
19,1901,190105,PASCO,PASCO,NINACACA,NINACACA
12,1203,120302,JUNIN,CHANCHAMAYO,PERENE,PERENE
15,1508,150812,LIMA,HUAURA,VEGUETA,VEGUETA
09,0903,090302,HUANCAVELICA,ANGARAES,ANCHONGA,ANCHONGA
13,1306,130608,LA LIBERTAD,OTUZCO,MACHE,MACHE
15,1503,150303,LIMA,CAJATAMBO,GORGOR,GORGOR
04,0406,040608,AREQUIPA,CONDESUYOS,YANAQUIHUA,YANAQUIHUA
04,0408,040804,AREQUIPA,LA UNION,HUAYNACOTAS,TAURISMA
14,1403,140309,LAMBAYEQUE,LAMBAYEQUE,PACORA,PACORA
15,1501,150139,LIMA,LIMA,SANTA ROSA,SANTA ROSA
05,0510,051002,AYACUCHO,VICTOR FAJARDO,ALCAMENCA,ALCAMENCA
05,0508,050803,AYACUCHO,PAUCAR DEL SARA SARA,CORCULLA,CORCULLA
21,2102,210202,PUNO,AZANGARO,ACHAYA,ACHAYA
21,2102,210205,PUNO,AZANGARO,CAMINACA,CAMINACA
08,0802,080204,CUSCO,ACOMAYO,MOSOC LLACTA,MOSOC LLACTA
16,1606,160603,LORETO,UCAYALI,PADRE MARQUEZ,TIRUNTAN
15,1510,151027,LIMA,YAUYOS,SAN PEDRO DE PILAS,SAN PEDRO DE PILAS
15,1507,150723,LIMA,HUAROCHIRI,SAN MATEO DE OTAO,SAN JUAN DE LANCA
12,1202,120206,JUNIN,CONCEPCION,COMAS,COMAS
02,0206,020611,ANCASH,CARHUAZ,YUNGAR,YUNGAR
09,0903,090308,HUANCAVELICA,ANGARAES,HUAYLLAY GRANDE,HUAYLLAY GRANDE
10,1001,100112,HUANUCO,HUANUCO,YACUS,YACUS
08,0806,080606,CUSCO,CANCHIS,SAN PABLO,SAN PABLO
15,1501,150119,LIMA,LIMA,LURIN,LURIN
05,0508,050810,AYACUCHO,PAUCAR DEL SARA SARA,SARA SARA,QUILCATA
12,1201,120117,JUNIN,HUANCAYO,HUALHUAS,HUALHUAS
02,0206,020607,ANCASH,CARHUAZ,PARIAHUANCA,PARIAHUANCA
08,0807,080705,CUSCO,CHUMBIVILCAS,LIVITACA,LIVITACA
02,0206,020602,ANCASH,CARHUAZ,ACOPAMPA,ACOPAMPA
05,0508,050805,AYACUCHO,PAUCAR DEL SARA SARA,MARCABAMBA,MARCABAMBA
05,0508,050808,AYACUCHO,PAUCAR DEL SARA SARA,SAN JAVIER DE ALPABAMBA,SAN JAVIER DE ALPABAMBA
03,0306,030609,APURIMAC,CHINCHEROS,ROCCHACC,ROCCHACC
01,0101,010102,AMAZONAS,CHACHAPOYAS,ASUNCION,ASUNCION
05,0507,050707,AYACUCHO,PARINACOCHAS,SAN FRANCISCO DE RAVACAYCO,SAN FRANCISCO DE RAVACAYCO
16,1607,160702,LORETO,DATEM DEL MARAÑON,CAHUAPANAS,SANTA MARIA DE CAHUAPANAS
09,0901,090102,HUANCAVELICA,HUANCAVELICA,ACOBAMBILLA,ACOBAMBILLA
05,0506,050607,AYACUCHO,LUCANAS,HUAC-HUAS,HUAC-HUAS
22,2201,220101,SAN MARTIN,MOYOBAMBA,MOYOBAMBA,MOYOBAMBA
02,0206,020610,ANCASH,CARHUAZ,TINCO,TINCO
17,1701,170102,MADRE DE DIOS,TAMBOPATA,INAMBARI,MAZUKO
08,0809,080909,CUSCO,LA CONVENCION,VILCABAMBA,LUCMA
05,0509,050910,AYACUCHO,SUCRE,SANTIAGO DE PAUCARAY,SANTIAGO DE PAUCARAY
05,0504,050412,AYACUCHO,HUANTA,CHACA,CHACA
16,1608,160801,LORETO,PUTUMAYO,PUTUMAYO,SAN ANTONIO DEL ESTRECHO
17,1703,170303,MADRE DE DIOS,TAHUAMANU,TAHUAMANU,SAN LORENZO
10,1006,100608,HUANUCO,LEONCIO PRADO,CASTILLO GRANDE,CASTILLO GRANDE
08,0809,080914,CUSCO,LA CONVENCION,MEGANTONI,CAMISEA
25,2502,250201,UCAYALI,ATALAYA,RAIMONDI,ATALAYA
09,0907,090725,HUANCAVELICA,TAYACAJA,COCHABAMBA,COCHABAMBA GRANDE
05,0504,050413,AYACUCHO,HUANTA,PUTIS,RODEO
02,0215,021506,ANCASH,PALLASCA,LACABAMBA,LACABAMBA
15,1509,150901,LIMA,OYON,OYON,OYON
01,0102,010204,AMAZONAS,BAGUA,EL PARCO,EL PARCO
05,0505,050515,AYACUCHO,LA MAR,PATIBAMBA,PATIBAMBA
08,0809,080916,CUSCO,LA CONVENCION,CIELO PUNCO,CHIRUMPIARI
10,1008,100801,HUANUCO,PACHITEA,PANAO,PANAO
10,1005,100501,HUANUCO,HUAMALIES,LLATA,LLATA
25,2502,250203,UCAYALI,ATALAYA,TAHUANIA,BOLOGNESI
21,2110,211002,PUNO,SAN ANTONIO DE PUTINA,ANANEA,ANANEA
21,2110,211001,PUNO,SAN ANTONIO DE PUTINA,PUTINA,PUTINA
08,0809,080917,CUSCO,LA CONVENCION,MANITEA,TAWANTINSUYO
08,0809,080918,CUSCO,LA CONVENCION,UNION ASHANINKA,MANTARO
01,0104,010401,AMAZONAS,CONDORCANQUI,NIEVA,SANTA MARIA DE NIEVA
04,0401,040102,AREQUIPA,AREQUIPA,ALTO SELVA ALEGRE,SELVA ALEGRE
08,0813,081307,CUSCO,URUBAMBA,YUCAY,YUCAY
22,2206,220601,SAN MARTIN,MARISCAL CACERES,JUANJUI,JUANJUI
15,1507,150713,LIMA,HUAROCHIRI,MARIATANA,MARIATANA
22,2203,220303,SAN MARTIN,EL DORADO,SAN MARTIN,SAN MARTIN
20,2003,200304,PIURA,HUANCABAMBA,HUARMACA,HUARMACA
12,1204,120415,JUNIN,JAUJA,MARCO,MARCO
10,1005,100505,HUANUCO,HUAMALIES,JIRCAN,JIRCAN
21,2108,210802,PUNO,MELGAR,ANTAUTA,ANTAUTA
02,0207,020703,ANCASH,CARLOS FERMIN FITZCARRALD,YAUYA,YAUYA
02,0213,021306,ANCASH,MARISCAL LUZURIAGA,LLUMPA,LLUMPA
15,1504,150407,LIMA,CANTA,SANTA ROSA DE QUIVES,YANGAS
02,0212,021205,ANCASH,HUAYLAS,MATO,SUCRE
02,0217,021704,ANCASH,RECUAY,HUAYLLAPAMPA,HUAYLLAPAMPA
04,0408,040811,AREQUIPA,LA UNION,TORO,TORO
14,1401,140120,LAMBAYEQUE,CHICLAYO,TUMAN,TUMAN
22,2207,220702,SAN MARTIN,PICOTA,BUENOS AIRES,BUENOS AIRES
17,1702,170201,MADRE DE DIOS,MANU,MANU,SALVACION
15,1510,151017,LIMA,YAUYOS,HUAÑEC,HUAÑEC
12,1202,120211,JUNIN,CONCEPCION,MITO,MITO
04,0404,040406,AREQUIPA,CASTILLA,CHOCO,CHOCO
06,0608,060808,CAJAMARCA,JAEN,PUCARA,PUCARA
14,1403,140310,LAMBAYEQUE,LAMBAYEQUE,SALAS,SALAS
17,1702,170204,MADRE DE DIOS,MANU,HUEPETUHE,HUEPETUHE
09,0901,090101,HUANCAVELICA,HUANCAVELICA,HUANCAVELICA,HUANCAVELICA
08,0811,081106,CUSCO,PAUCARTAMBO,KOSÑIPATA,PILLCOPATA
17,1701,170103,MADRE DE DIOS,TAMBOPATA,LAS PIEDRAS,LAS PIEDRAS (PLANCHON)
07,0701,070101,CALLAO,CALLAO,CALLAO,CALLAO
22,2209,220903,SAN MARTIN,SAN MARTIN,CACATACHI,CACATACHI
12,1201,120136,JUNIN,HUANCAYO,VIQUES,VIQUES
10,1010,101001,HUANUCO,LAURICOCHA,JESUS,JESUS
11,1101,110103,ICA,ICA,LOS AQUIJES,LOS AQUIJES
08,0807,080708,CUSCO,CHUMBIVILCAS,VELILLE,VELILLE
15,1507,150706,LIMA,HUAROCHIRI,CUENCA,SAN JOSE DE LOS CHORRILLOS
11,1101,110110,ICA,ICA,SAN JUAN BAUTISTA,SAN JUAN BAUTISTA
12,1204,120428,JUNIN,JAUJA,SAN LORENZO,SAN LORENZO
09,0906,090612,HUANCAVELICA,HUAYTARA,SAN ISIDRO,SAN JUAN DE HUIRPACANCHA
12,1201,120122,JUNIN,HUANCAYO,INGENIO,INGENIO
16,1606,160604,LORETO,UCAYALI,PAMPA HERMOSA,PAMPA HERMOSA
15,1507,150732,LIMA,HUAROCHIRI,SURCO,SURCO
12,1204,120414,JUNIN,JAUJA,LLOCLLAPAMPA,LLOCLLAPAMPA
20,2007,200705,PIURA,TALARA,LOS ORGANOS,LOS ORGANOS
09,0905,090509,HUANCAVELICA,CHURCAMPA,SAN PEDRO DE CORIS,SAN PEDRO DE CORIS
12,1204,120423,JUNIN,JAUJA,PACCHA,PACCHA
15,1507,150718,LIMA,HUAROCHIRI,SAN DAMIAN,SAN DAMIAN
01,0103,010309,AMAZONAS,BONGARA,SAN CARLOS,SAN CARLOS
05,0501,050112,AYACUCHO,HUAMANGA,SOCOS,SOCOS
21,2103,210305,PUNO,CARABAYA,CORANI,CORANI
02,0214,021408,ANCASH,OCROS,SAN CRISTOBAL DE RAJAN,RAJAN
17,1703,170301,MADRE DE DIOS,TAHUAMANU,IÑAPARI,IÑAPARI
02,0218,021801,ANCASH,SANTA,CHIMBOTE,CHIMBOTE
12,1205,120501,JUNIN,JUNIN,JUNIN,JUNIN
01,0105,010523,AMAZONAS,LUYA,TRITA,TRITA
20,2008,200805,PIURA,SECHURA,VICE,VICE
06,0609,060903,CAJAMARCA,SAN IGNACIO,HUARANGO,HUARANGO
01,0104,010402,AMAZONAS,CONDORCANQUI,EL CENEPA,HUAMPAMI
06,0609,060902,CAJAMARCA,SAN IGNACIO,CHIRINOS,CHIRINOS
20,2002,200204,PIURA,AYABACA,LAGUNAS,LAGUNAS
05,0503,050301,AYACUCHO,HUANCA SANCOS,SANCOS,HUANCA SANCOS
10,1002,100203,HUANUCO,AMBO,COLPAS,COLPAS
14,1401,140112,LAMBAYEQUE,CHICLAYO,PIMENTEL,PIMENTEL
16,1608,160803,LORETO,PUTUMAYO,TENIENTE MANUEL CLAVERO,SOPLIN VARGAS
10,1002,100205,HUANUCO,AMBO,HUACAR,HUACAR
02,0210,021012,ANCASH,HUARI,RAHUAPAMPA,RAHUAPAMPA
10,1005,100511,HUANUCO,HUAMALIES,TANTAMAYO,TANTAMAYO
12,1201,120121,JUNIN,HUANCAYO,HUAYUCACHI,HUAYUCACHI
06,0609,060905,CAJAMARCA,SAN IGNACIO,NAMBALLE,NAMBALLE
06,0609,060906,CAJAMARCA,SAN IGNACIO,SAN JOSE DE LOURDES,SAN JOSE DE LOURDES
06,0612,061201,CAJAMARCA,SAN PABLO,SAN PABLO,SAN PABLO
06,0611,061110,CAJAMARCA,SAN MIGUEL,SAN GREGORIO,SAN GREGORIO
06,0611,061105,CAJAMARCA,SAN MIGUEL,EL PRADO,EL PRADO
22,2202,220206,SAN MARTIN,BELLAVISTA,SAN RAFAEL,SAN RAFAEL
15,1501,150123,LIMA,LIMA,PACHACAMAC,PACHACAMAC
05,0501,050101,AYACUCHO,HUAMANGA,AYACUCHO,AYACUCHO
07,0701,070107,CALLAO,CALLAO,MI PERU,MI PERU
02,0201,020112,ANCASH,HUARAZ,TARICA,TARICA
22,2205,220509,SAN MARTIN,LAMAS,SHANAO,SHANAO
02,0210,021007,ANCASH,HUARI,HUACHIS,HUACHIS
02,0206,020604,ANCASH,CARHUAZ,ANTA,ANTA
02,0206,020608,ANCASH,CARHUAZ,SAN MIGUEL DE ACO,ACO
02,0210,021009,ANCASH,HUARI,MASIN,MASIN
02,0210,021011,ANCASH,HUARI,PONTO,PONTO
17,1702,170202,MADRE DE DIOS,MANU,FITZCARRALD,BOCA MANU
03,0307,030711,APURIMAC,GRAU,TURPAY,TURPAY
01,0105,010510,AMAZONAS,LUYA,LUYA VIEJO,LUYA VIEJO
21,2113,211302,PUNO,YUNGUYO,ANAPIA,ANAPIA
21,2104,210401,PUNO,CHUCUITO,JULI,JULI
21,2101,210101,PUNO,PUNO,PUNO,PUNO
06,0601,060104,CAJAMARCA,CAJAMARCA,COSPAN,COSPAN
07,0701,070105,CALLAO,CALLAO,LA PUNTA,LA PUNTA
01,0101,010117,AMAZONAS,CHACHAPOYAS,QUINJALCA,QUINJALCA
03,0307,030709,APURIMAC,GRAU,SAN ANTONIO,SAN ANTONIO
08,0805,080506,CUSCO,CANAS,PAMPAMARCA,PAMPAMARCA
21,2101,210102,PUNO,PUNO,ACORA,ACORA
10,1001,100103,HUANUCO,HUANUCO,CHINCHAO,ACOMAYO
15,1501,150117,LIMA,LIMA,LOS OLIVOS,LAS PALMERAS
15,1501,150110,LIMA,LIMA,COMAS,LA LIBERTAD
12,1208,120802,JUNIN,YAULI,CHACAPALPA,CHACAPALPA
12,1208,120803,JUNIN,YAULI,HUAY-HUAY,HUAY-HUAY
12,1204,120422,JUNIN,JAUJA,PACA,PACA
12,1204,120433,JUNIN,JAUJA,YAULI,YAULI
15,1508,150803,LIMA,HUAURA,CALETA DE CARQUIN,CALETA DE CARQUIN
15,1504,150402,LIMA,CANTA,ARAHUAY,ARAHUAY
06,0613,061307,CAJAMARCA,SANTA CRUZ,PULAN,PULAN
12,1206,120608,JUNIN,SATIPO,RIO TAMBO,PUERTO OCOPA
06,0607,060703,CAJAMARCA,HUALGAYOC,HUALGAYOC,HUALGAYOC
02,0205,020514,ANCASH,BOLOGNESI,SAN MIGUEL DE CORPANQUI,CORPANQUI
15,1501,150115,LIMA,LIMA,LA VICTORIA,LA VICTORIA
03,0302,030207,APURIMAC,ANDAHUAYLAS,KISHUARA,KISHUARA
15,1510,151033,LIMA,YAUYOS,VITIS,VITIS
02,0201,020111,ANCASH,HUARAZ,PIRA,PIRA
13,1309,130903,LA LIBERTAD,SANCHEZ CARRION,COCHORCO,ARICAPAMPA
22,2210,221003,SAN MARTIN,TOCACHE,POLVORA,POLVORA
01,0106,010604,AMAZONAS,RODRIGUEZ DE MENDOZA,HUAMBO,HUAMBO
20,2002,200201,PIURA,AYABACA,AYABACA,AYABACA
20,2007,200701,PIURA,TALARA,PARIÑAS,TALARA
01,0101,010109,AMAZONAS,CHACHAPOYAS,LA JALCA,LA JALCA
22,2201,220104,SAN MARTIN,MOYOBAMBA,JEPELACIO,JEPELACIO
01,0101,010118,AMAZONAS,CHACHAPOYAS,SAN FRANCISCO DE DAGUAS,DAGUAS
16,1604,160401,LORETO,MARISCAL RAMON CASTILLA,RAMON CASTILLA,CABALLOCOCHA
16,1607,160705,LORETO,DATEM DEL MARAÑON,PASTAZA,ULLPAYACU
01,0106,010605,AMAZONAS,RODRIGUEZ DE MENDOZA,LIMABAMBA,LIMABAMBA
16,1605,160502,LORETO,REQUENA,ALTO TAPICHE,SANTA ELENA
06,0606,060612,CAJAMARCA,CUTERVO,SANTO DOMINGO DE LA CAPILLA,SANTO DOMINGO DE LA CAPILLA
14,1403,140312,LAMBAYEQUE,LAMBAYEQUE,TUCUME,TUCUME
20,2008,200804,PIURA,SECHURA,CRISTO NOS VALGA,SAN CRISTO
16,1601,160106,LORETO,MAYNAS,MAZAN,MAZAN
16,1603,160304,LORETO,LORETO,TROMPETEROS,VILLA TROMPETEROS
16,1603,160303,LORETO,LORETO,TIGRE,INTUTU
06,0608,060810,CAJAMARCA,JAEN,SAN FELIPE,SAN FELIPE
02,0220,022006,ANCASH,YUNGAY,RANRAHIRCA,RANRAHIRCA
06,0605,060502,CAJAMARCA,CONTUMAZA,CHILETE,CHILETE
06,0601,060106,CAJAMARCA,CAJAMARCA,JESUS,JESUS
09,0904,090407,HUANCAVELICA,CASTROVIRREYNA,HUACHOS,HUACHOS
12,1201,120105,JUNIN,HUANCAYO,CHACAPAMPA,CHACAPAMPA
10,1005,100508,HUANUCO,HUAMALIES,PUNCHAO,PUNCHAO
15,1510,151013,LIMA,YAUYOS,HUAMPARA,HUAMPARA
15,1501,150114,LIMA,LIMA,LA MOLINA,LA MOLINA
01,0107,010702,AMAZONAS,UTCUBAMBA,CAJARURO,CAJARURO
12,1209,120905,JUNIN,CHUPACA,HUAMANCACA CHICO,HUAMANCACA CHICO
12,1209,120904,JUNIN,CHUPACA,HUACHAC,HUACHAC
15,1507,150710,LIMA,HUAROCHIRI,LAHUAYTAMBO,LAHUAYTAMBO
12,1209,120901,JUNIN,CHUPACA,CHUPACA,CHUPACA
06,0601,060112,CAJAMARCA,CAJAMARCA,SAN JUAN,SAN JUAN
21,2101,210107,PUNO,PUNO,COATA,COATA
12,1208,120808,JUNIN,YAULI,SANTA ROSA DE SACCO,SANTA ROSA DE SACCO
12,1204,120426,JUNIN,JAUJA,POMACANCHA,POMACANCHA
15,1507,150725,LIMA,HUAROCHIRI,SAN PEDRO DE HUANCAYRE,SAN PEDRO
12,1204,120410,JUNIN,JAUJA,HUERTAS,HUERTAS
15,1501,150112,LIMA,LIMA,INDEPENDENCIA,INDEPENDENCIA
21,2101,210111,PUNO,PUNO,PICHACANI,LARAQUERI
15,1504,150406,LIMA,CANTA,SAN BUENAVENTURA,SAN BUENAVENTURA
19,1902,190201,PASCO,DANIEL ALCIDES CARRION,YANAHUANCA,YANAHUANCA
10,1010,101007,HUANUCO,LAURICOCHA,SAN MIGUEL DE CAURI,CAURI
16,1603,160305,LORETO,LORETO,URARINAS,CONCORDIA
16,1602,160201,LORETO,ALTO AMAZONAS,YURIMAGUAS,YURIMAGUAS
06,0605,060504,CAJAMARCA,CONTUMAZA,GUZMANGO,GUZMANGO
21,2103,210308,PUNO,CARABAYA,OLLACHEA,OLLACHEA
09,0907,090715,HUANCAVELICA,TAYACAJA,SALCAHUASI,SALCAHUASI
12,1209,120907,JUNIN,CHUPACA,SAN JUAN DE JARPA,JARPA
06,0610,061005,CAJAMARCA,SAN MARCOS,ICHOCAN,ICHOCAN
13,1307,130705,LA LIBERTAD,PACASMAYO,SAN JOSE,SAN JOSE
21,2103,210307,PUNO,CARABAYA,ITUATA,ITUATA /16
21,2101,210103,PUNO,PUNO,AMANTANI,AMANTANI
16,1605,160511,LORETO,REQUENA,YAQUERANA,ANGAMOS
06,0605,060507,CAJAMARCA,CONTUMAZA,TANTARICA,CATAN
21,2103,210303,PUNO,CARABAYA,AYAPATA,AYAPATA
06,0601,060109,CAJAMARCA,CAJAMARCA,MAGDALENA,MAGDALENA
11,1103,110304,ICA,NASCA,MARCONA,SAN JUAN
09,0907,090723,HUANCAVELICA,TAYACAJA,SANTIAGO DE TUCUMA,SANTIAGO DE TUCUMA
05,0506,050608,AYACUCHO,LUCANAS,LARAMATE,LARAMATE
08,0806,080601,CUSCO,CANCHIS,SICUANI,SICUANI
02,0210,021015,ANCASH,HUARI,SAN PEDRO DE CHANA,CHANA
05,0506,050620,AYACUCHO,LUCANAS,SANTA ANA DE HUAYCAHUACHO,SANTA ANA DE HUAYCAHUACHO
12,1204,120407,JUNIN,JAUJA,EL MANTARO,PUCUCHO
01,0106,010607,AMAZONAS,RODRIGUEZ DE MENDOZA,MARISCAL BENAVIDES,MARISCAL BENAVIDES
15,1510,151026,LIMA,YAUYOS,SAN JOAQUIN,SAN JOAQUIN
19,1901,190113,PASCO,PASCO,YANACANCHA,YANACANCHA
19,1902,190208,PASCO,DANIEL ALCIDES CARRION,VILCABAMBA,VILCABAMBA
03,0302,030211,APURIMAC,ANDAHUAYLAS,POMACOCHA,POMACOCHA
09,0902,090207,HUANCAVELICA,ACOBAMBA,POMACOCHA,POMACOCHA
01,0105,010515,AMAZONAS,LUYA,PROVIDENCIA,PROVIDENCIA
05,0501,050105,AYACUCHO,HUAMANGA,CHIARA,CHIARA
01,0105,010504,AMAZONAS,LUYA,COLCAMAR,COLCAMAR
01,0105,010514,AMAZONAS,LUYA,PISUQUIA,YOMBLON
16,1608,160804,LORETO,PUTUMAYO,YAGUAS,REMANSO
16,1608,160802,LORETO,PUTUMAYO,ROSA PANDURO,SANTA MERCEDES
12,1206,120602,JUNIN,SATIPO,COVIRIALI,COVIRIALI
03,0307,030706,APURIMAC,GRAU,MICAELA BASTIDAS,AYRIHUANCA
20,2003,200308,PIURA,HUANCABAMBA,SONDORILLO,SONDORILLO
20,2003,200307,PIURA,HUANCABAMBA,SONDOR,SONDOR
21,2110,211003,PUNO,SAN ANTONIO DE PUTINA,PEDRO VILCA APAZA,AYRAMPUNI
08,0812,081207,CUSCO,QUISPICANCHI,HUARO,HUARO
21,2105,210501,PUNO,EL COLLAO,ILAVE,ILAVE
21,2105,210504,PUNO,EL COLLAO,SANTA ROSA,MAZO CRUZ
06,0603,060306,CAJAMARCA,CELENDIN,JOSE GALVEZ,HUACAPAMPA
21,2107,210708,PUNO,LAMPA,PUCARA,PUCARA
21,2108,210808,PUNO,MELGAR,SANTA ROSA,SANTA ROSA
01,0106,010603,AMAZONAS,RODRIGUEZ DE MENDOZA,COCHAMAL,COCHAMAL
02,0210,021016,ANCASH,HUARI,UCO,UCO
02,0220,022003,ANCASH,YUNGAY,MANCOS,MANCOS
22,2205,220507,SAN MARTIN,LAMAS,RUMISAPA,RUMISAPA
02,0203,020304,ANCASH,ANTONIO RAYMONDI,CHINGAS,CHINGAS
02,0210,021006,ANCASH,HUARI,HUACCHIS,HUACCHIS
22,2208,220802,SAN MARTIN,RIOJA,AWAJUN,BAJO NARANJILLO
10,1011,101103,HUANUCO,YAROWILCA,CHACABAMBA,CHACABAMBA
24,2402,240202,TUMBES,CONTRALMIRANTE VILLAR,CASITAS,CAÑAVERAL
06,0604,060405,CAJAMARCA,CHOTA,CHIMBAN,CHIMBAN
06,0606,060610,CAJAMARCA,CUTERVO,SAN LUIS DE LUCMA,SAN LUIS DE LUCMA
23,2304,230401,TACNA,TARATA,TARATA,TARATA
13,1309,130902,LA LIBERTAD,SANCHEZ CARRION,CHUGAY,CHUGAY
08,0805,080508,CUSCO,CANAS,TUPAC AMARU,TUNGASUCA
07,0701,070103,CALLAO,CALLAO,CARMEN DE LA LEGUA REYNOSO,CARMEN DE LA LEGUA REYNOSO
13,1312,131201,LA LIBERTAD,VIRU,VIRU,VIRU
13,1301,130105,LA LIBERTAD,TRUJILLO,LA ESPERANZA,LA ESPERANZA
10,1007,100704,HUANUCO,MARAÑON,LA MORADA,LA MORADA
05,0502,050205,AYACUCHO,CANGALLO,PARAS,PARAS
03,0304,030402,APURIMAC,AYMARAES,CAPAYA,CAPAYA
03,0307,030712,APURIMAC,GRAU,VILCABAMBA,VILCABAMBA
06,0606,060614,CAJAMARCA,CUTERVO,SOCOTA,SOCOTA
13,1301,130104,LA LIBERTAD,TRUJILLO,HUANCHACO,HUANCHACO
13,1301,130110,LA LIBERTAD,TRUJILLO,SIMBAL,SIMBAL
23,2302,230205,TACNA,CANDARAVE,HUANUARA,HUANUARA
13,1306,130613,LA LIBERTAD,OTUZCO,SINSICAP,SINSICAP
13,1311,131103,LA LIBERTAD,GRAN CHIMU,MARMOT,MARMOT /13
13,1302,130208,LA LIBERTAD,ASCOPE,CASA GRANDE,CASA GRANDE
06,0605,060505,CAJAMARCA,CONTUMAZA,SAN BENITO,SAN BENITO
15,1507,150703,LIMA,HUAROCHIRI,CALLAHUANCA,CALLAHUANCA
13,1307,130701,LA LIBERTAD,PACASMAYO,SAN PEDRO DE LLOC,SAN PEDRO DE LLOC
23,2301,230101,TACNA,TACNA,TACNA,TACNA
23,2301,230102,TACNA,TACNA,ALTO DE LA ALIANZA,LA ESPERANZA
12,1204,120434,JUNIN,JAUJA,YAUYOS,YAUYOS
23,2301,230106,TACNA,TACNA,PACHIA,PACHIA
23,2304,230403,TACNA,TARATA,ESTIQUE,ESTIQUE
23,2301,230105,TACNA,TACNA,INCLAN,SAMA GRANDE
23,2303,230301,TACNA,JORGE BASADRE,LOCUMBA,LOCUMBA
23,2301,230107,TACNA,TACNA,PALCA,PALCA
18,1803,180303,MOQUEGUA,ILO,PACOCHA,PUEBLO NUEVO
23,2304,230408,TACNA,TARATA,TICACO,TICACO
23,2303,230302,TACNA,JORGE BASADRE,ILABAYA,ILABAYA
04,0407,040706,AREQUIPA,ISLAY,PUNTA DE BOMBON,PUNTA DE BOMBON
23,2304,230406,TACNA,TARATA,SUSAPAYA,SUSAPAYA
21,2105,210502,PUNO,EL COLLAO,CAPAZO,CAPAZO
21,2104,210405,PUNO,CHUCUITO,PISACOMA,PISACOMA
21,2104,210404,PUNO,CHUCUITO,KELLUYO,KELLUYO
18,1801,180105,MOQUEGUA,MARISCAL NIETO,SAN CRISTOBAL,CALACOA
04,0401,040127,AREQUIPA,AREQUIPA,YARABAMBA,YARABAMBA
04,0401,040114,AREQUIPA,AREQUIPA,POLOBAYA,POLOBAYA GRANDE
18,1802,180208,MOQUEGUA,GENERAL SANCHEZ CERRO,PUQUINA,PUQUINA
21,2104,210403,PUNO,CHUCUITO,HUACULLANI,HUACULLANI
04,0401,040108,AREQUIPA,AREQUIPA,LA JOYA,LA JOYA
04,0401,040112,AREQUIPA,AREQUIPA,PAUCARPATA,PAUCARPATA
04,0401,040121,AREQUIPA,AREQUIPA,SANTA RITA DE SIGUAS,SANTA RITA DE SIGUAS
04,0401,040101,AREQUIPA,AREQUIPA,AREQUIPA,AREQUIPA
18,1802,180207,MOQUEGUA,GENERAL SANCHEZ CERRO,MATALAQUE,MATALAQUE
04,0401,040124,AREQUIPA,AREQUIPA,UCHUMAYO,UCHUMAYO
12,1204,120409,JUNIN,JAUJA,HUARIPAMPA,HUARIPAMPA
04,0402,040205,AREQUIPA,CAMANA,NICOLAS DE PIEROLA,SAN GREGORIO
04,0401,040118,AREQUIPA,AREQUIPA,SAN JUAN DE SIGUAS,SAN JUAN DE SIGUAS /2
18,1802,180202,MOQUEGUA,GENERAL SANCHEZ CERRO,CHOJATA,CHOJATA
04,0402,040204,AREQUIPA,CAMANA,MARISCAL CACERES,SAN JOSE
21,2104,210406,PUNO,CHUCUITO,POMATA,POMATA
04,0404,040413,AREQUIPA,CASTILLA,URACA,CORIRE
21,2105,210503,PUNO,EL COLLAO,PILCUYO,PILCUYO
18,1802,180204,MOQUEGUA,GENERAL SANCHEZ CERRO,ICHUÑA,ICHUÑA
21,2101,210113,PUNO,PUNO,SAN ANTONIO,SAN ANTONIO DE ESQUILACHE /15
04,0405,040508,AREQUIPA,CAYLLOMA,HUANCA,HUANCA
04,0402,040203,AREQUIPA,CAMANA,MARIANO NICOLAS VALCARCEL,URASQUI
21,2101,210114,PUNO,PUNO,TIQUILLACA,TIQUILLACA
04,0406,040606,AREQUIPA,CONDESUYOS,RIO GRANDE,IQUIPI
04,0403,040307,AREQUIPA,CARAVELI,CHALA,CHALA
04,0405,040502,AREQUIPA,CAYLLOMA,ACHOMA,ACHOMA
21,2101,210110,PUNO,PUNO,PAUCARCOLLA,PAUCARCOLLA
09,0901,090108,HUANCAVELICA,HUANCAVELICA,IZCUCHACA,IZCUCHACA
04,0404,040412,AREQUIPA,CASTILLA,UÑON,UÑON
21,2101,210104,PUNO,PUNO,ATUNCOLLA,ATUNCOLLA
04,0405,040507,AREQUIPA,CAYLLOMA,HUAMBO,HUAMBO
04,0405,040503,AREQUIPA,CAYLLOMA,CABANACONDE,CABANACONDE
09,0901,090107,HUANCAVELICA,HUANCAVELICA,HUAYLLAHUARA,HUAYLLAHUARA
21,2111,211102,PUNO,SAN ROMAN,CABANA,CABANA
10,1003,100316,HUANUCO,DOS DE MAYO,QUIVILLA,QUIVILLA
04,0404,040403,AREQUIPA,CASTILLA,AYO,AYO
02,0201,020103,ANCASH,HUARAZ,COLCABAMBA,COLCABAMBA
04,0403,040313,AREQUIPA,CARAVELI,YAUCA,YAUCA
09,0906,090604,HUANCAVELICA,HUAYTARA,HUAYACUNDO ARMA,HUAYACUNDO ARMA
04,0404,040408,AREQUIPA,CASTILLA,MACHAGUAY,MACHAGUAY
04,0403,040304,AREQUIPA,CARAVELI,ATIQUIPA,ATIQUIPA
21,2107,210702,PUNO,LAMPA,CABANILLA,CABANILLA
21,2111,211104,PUNO,SAN ROMAN,CARACOTO,CARACOTO
12,1201,120104,JUNIN,HUANCAYO,CARHUACALLANGA,CARHUACALLANGA
04,0406,040604,AREQUIPA,CONDESUYOS,CHICHAS,CHICHAS
04,0404,040402,AREQUIPA,CASTILLA,ANDAGUA,ANDAGUA
04,0403,040306,AREQUIPA,CARAVELI,CAHUACHO,CAHUACHO
04,0405,040510,AREQUIPA,CAYLLOMA,LARI,LARI
04,0403,040312,AREQUIPA,CARAVELI,QUICACHA,QUICACHA
10,1005,100502,HUANUCO,HUAMALIES,ARANCAY,ARANCAY
02,0218,021805,ANCASH,SANTA,MORO,MORO
02,0220,022001,ANCASH,YUNGAY,YUNGAY,YUNGAY
02,0212,021203,ANCASH,HUAYLAS,HUATA,HUATA
02,0218,021806,ANCASH,SANTA,NEPEÑA,NEPEÑA
02,0203,020303,ANCASH,ANTONIO RAYMONDI,CHACCHO,CHACCHO
02,0212,021206,ANCASH,HUAYLAS,PAMPAROMAS,PAMPAROMAS
02,0218,021808,ANCASH,SANTA,SANTA,SANTA
02,0212,021201,ANCASH,HUAYLAS,CARAZ,CARAZ
02,0216,021603,ANCASH,POMABAMBA,PAROBAMBA,PAROBAMBA
21,2108,210809,PUNO,MELGAR,UMACHIRI,UMACHIRI
21,2102,210201,PUNO,AZANGARO,AZANGARO,AZANGARO
21,2110,211004,PUNO,SAN ANTONIO DE PUTINA,QUILCAPUNCU,QUILCAPUNCU
08,0808,080808,CUSCO,ESPINAR,ALTO PICHIGUA,ACCOCUNCA
08,0808,080806,CUSCO,ESPINAR,PICHIGUA,PICHIGUA
10,1011,101104,HUANUCO,YAROWILCA,APARICIO POMARES,CHUPAN
02,0217,021701,ANCASH,RECUAY,RECUAY,RECUAY
10,1003,100323,HUANUCO,DOS DE MAYO,YANAS,YANAS
10,1010,101004,HUANUCO,LAURICOCHA,QUEROPALCA,QUEROPALCA
14,1401,140104,LAMBAYEQUE,CHICLAYO,ETEN PUERTO,ETEN PUERTO
02,0205,020501,ANCASH,BOLOGNESI,CHIQUIAN,CHIQUIAN
22,2204,220403,SAN MARTIN,HUALLAGA,EL ESLABON,EL ESLABON
10,1002,100201,HUANUCO,AMBO,AMBO,AMBO
13,1304,130403,LA LIBERTAD,CHEPEN,PUEBLO NUEVO,PUEBLO NUEVO
06,0610,061007,CAJAMARCA,SAN MARCOS,JOSE SABOGAL,VENECIA
02,0201,020109,ANCASH,HUARAZ,PAMPAS GRANDE,PAMPAS GRANDE
02,0215,021510,ANCASH,PALLASCA,SANTA ROSA,SANTA ROSA
21,2101,210109,PUNO,PUNO,MAÑAZO,MAÑAZO
10,1001,100110,HUANUCO,HUANUCO,YARUMAYO,YARUMAYO
21,2101,210115,PUNO,PUNO,VILQUE,VILQUE
10,1011,101105,HUANUCO,YAROWILCA,JACAS CHICO,SAN CRISTOBAL DE JACAS CHICO
04,0405,040516,AREQUIPA,CAYLLOMA,TAPAY,TAPAY
02,0205,020504,ANCASH,BOLOGNESI,AQUIA,AQUIA
10,1003,100301,HUANUCO,DOS DE MAYO,LA UNION,LA UNION
02,0202,020205,ANCASH,AIJA,SUCCHA,SUCCHA
10,1011,101106,HUANUCO,YAROWILCA,OBAS,OBAS
02,0202,020203,ANCASH,AIJA,HUACLLAN,HUACLLAN
10,1003,100313,HUANUCO,DOS DE MAYO,PACHAS,PACHAS
02,0201,020110,ANCASH,HUARAZ,PARIACOTO,PARIACOTO
02,0201,020105,ANCASH,HUARAZ,INDEPENDENCIA,CENTENARIO
08,0808,080807,CUSCO,ESPINAR,SUYCKUTAMBO,SUYCKUTAMBO /5
04,0408,040805,AREQUIPA,LA UNION,PAMPAMARCA,MUNGUI
01,0101,010103,AMAZONAS,CHACHAPOYAS,BALSAS,BALSAS
22,2207,220710,SAN MARTIN,PICOTA,TRES UNIDOS,TRES UNIDOS
06,0603,060304,CAJAMARCA,CELENDIN,HUASMIN,HUASMIN
06,0604,060415,CAJAMARCA,CHOTA,QUEROCOTO,QUEROCOTO
06,0608,060812,CAJAMARCA,JAEN,SANTA ROSA,SANTA ROSA
06,0604,060418,CAJAMARCA,CHOTA,TOCMOCHE,TOCMOCHE
06,0604,060416,CAJAMARCA,CHOTA,SAN JUAN DE LICUPIS,LICUPIS
09,0904,090406,HUANCAVELICA,CASTROVIRREYNA,COCAS,COCAS
02,0210,021008,ANCASH,HUARI,HUANTAR,HUANTAR
25,2502,250204,UCAYALI,ATALAYA,YURUA,BREU
02,0201,020102,ANCASH,HUARAZ,COCHABAMBA,COCHABAMBA
02,0208,020804,ANCASH,CASMA,YAUTAN,YAUTAN
02,0201,020106,ANCASH,HUARAZ,JANGAS,JANGAS
06,0602,060201,CAJAMARCA,CAJABAMBA,CAJABAMBA,CAJABAMBA
09,0901,090106,HUANCAVELICA,HUANCAVELICA,HUACHOCOLPA,HUACHOCOLPA
08,0804,080404,CUSCO,CALCA,LARES,LARES
09,0904,090411,HUANCAVELICA,CASTROVIRREYNA,SANTA ANA,SANTA ANA
08,0807,080706,CUSCO,CHUMBIVILCAS,LLUSCO,LLUSCO
08,0808,080804,CUSCO,ESPINAR,OCORURO,OCORURO
08,0807,080704,CUSCO,CHUMBIVILCAS,COLQUEMARCA,COLQUEMARCA
03,0305,030506,APURIMAC,COTABAMBAS,CHALLHUAHUACHO,CHALLHUAHUACHO
09,0904,090405,HUANCAVELICA,CASTROVIRREYNA,CHUPAMARCA,CHUPAMARCA
09,0904,090404,HUANCAVELICA,CASTROVIRREYNA,CAPILLAS,CAPILLAS
08,0804,080401,CUSCO,CALCA,CALCA,CALCA
09,0904,090409,HUANCAVELICA,CASTROVIRREYNA,MOLLEPAMPA,MOLLEPAMPA
06,0604,060403,CAJAMARCA,CHOTA,CHADIN,CHADIN
06,0604,060411,CAJAMARCA,CHOTA,LLAMA,LLAMA
09,0903,090306,HUANCAVELICA,ANGARAES,CONGALLA,CONGALLA
09,0902,090203,HUANCAVELICA,ACOBAMBA,ANTA,ANTA
01,0105,010506,AMAZONAS,LUYA,INGUILPATA,INGUILPATA
09,0902,090201,HUANCAVELICA,ACOBAMBA,ACOBAMBA,ACOBAMBA
03,0302,030215,APURIMAC,ANDAHUAYLAS,SANTA MARIA DE CHICMO,SANTA MARIA DE CHICMO
08,0809,080901,CUSCO,LA CONVENCION,SANTA ANA,QUILLABAMBA
15,1510,151019,LIMA,YAUYOS,LINCHA,LINCHA
01,0101,010108,AMAZONAS,CHACHAPOYAS,HUANCAS,HUANCAS
21,2107,210703,PUNO,LAMPA,CALAPUJA,CALAPUJA
08,0810,081001,CUSCO,PARURO,PARURO,PARURO
08,0810,081005,CUSCO,PARURO,HUANOQUITE,HUANOQUITE
03,0302,030201,APURIMAC,ANDAHUAYLAS,ANDAHUAYLAS,ANDAHUAYLAS
08,0806,080607,CUSCO,CANCHIS,SAN PEDRO,SAN PEDRO
03,0307,030707,APURIMAC,GRAU,PATAYPAMPA,PATAYPAMPA
03,0304,030410,APURIMAC,AYMARAES,POCOHUANCA,POCOHUANCA
03,0303,030306,APURIMAC,ANTABAMBA,PACHACONAS,PACHACONAS
05,0502,050204,AYACUCHO,CANGALLO,MARIA PARADO DE BELLIDO,POMABAMBA
03,0304,030412,APURIMAC,AYMARAES,SAÑAYCA,SAÑAYCA
03,0305,030504,APURIMAC,COTABAMBAS,HAQUIRA,HAQUIRA
03,0302,030210,APURIMAC,ANDAHUAYLAS,PAMPACHIRI,PAMPACHIRI
05,0505,050508,AYACUCHO,LA MAR,TAMBO,TAMBO
08,0809,080907,CUSCO,LA CONVENCION,KIMBIRI,KIMBIRI
08,0809,080910,CUSCO,LA CONVENCION,PICHARI,PICHARI
03,0306,030604,APURIMAC,CHINCHEROS,HUACCANA,HUACCANA
05,0505,050511,AYACUCHO,LA MAR,ORONCCOY,ORONCCOY
05,0504,050407,AYACUCHO,HUANTA,SIVIA,SIVIA
05,0504,050408,AYACUCHO,HUANTA,LLOCHEGUA,LLOCHEGUA
05,0505,050509,AYACUCHO,LA MAR,SAMUGARI,PALMAPAMPA
05,0505,050501,AYACUCHO,LA MAR,SAN MIGUEL,SAN MIGUEL
05,0505,050510,AYACUCHO,LA MAR,ANCHIHUAY,ANCHIHUAY
05,0504,050409,AYACUCHO,HUANTA,CANAYRE,CANAYRE
22,2209,220913,SAN MARTIN,SAN MARTIN,SAUCE,SAUCE
01,0101,010110,AMAZONAS,CHACHAPOYAS,LEIMEBAMBA,LEIMEBAMBA
06,0602,060203,CAJAMARCA,CAJABAMBA,CONDEBAMBA,CAUDAY
01,0105,010518,AMAZONAS,LUYA,SAN JERONIMO,PACLAS
01,0107,010705,AMAZONAS,UTCUBAMBA,JAMALCA,JAMALCA
06,0608,060811,CAJAMARCA,JAEN,SAN JOSE DEL ALTO,SAN JOSE DEL ALTO
09,0901,090113,HUANCAVELICA,HUANCAVELICA,NUEVO OCCORO,OCCORO
16,1601,160101,LORETO,MAYNAS,IQUITOS,IQUITOS
06,0606,060605,CAJAMARCA,CUTERVO,LA RAMADA,LA RAMADA
01,0102,010206,AMAZONAS,BAGUA,LA PECA,LA PECA
24,2401,240103,TUMBES,TUMBES,LA CRUZ,CALETA CRUZ
01,0101,010101,AMAZONAS,CHACHAPOYAS,CHACHAPOYAS,CHACHAPOYAS
01,0105,010508,AMAZONAS,LUYA,LONYA CHICO,LONYA CHICO
01,0101,010112,AMAZONAS,CHACHAPOYAS,MAGDALENA,MAGDALENA
02,0203,020306,ANCASH,ANTONIO RAYMONDI,SAN JUAN DE RONTOY,SAN JUAN DE RONTOY
02,0210,021003,ANCASH,HUARI,CAJAY,CAJAY
01,0105,010507,AMAZONAS,LUYA,LONGUITA,LONGUITA
02,0203,020302,ANCASH,ANTONIO RAYMONDI,ACZO,ACZO
06,0604,060412,CAJAMARCA,CHOTA,MIRACOSTA,MIRACOSTA
06,0606,060613,CAJAMARCA,CUTERVO,SANTO TOMAS,SANTO TOMAS
01,0106,010612,AMAZONAS,RODRIGUEZ DE MENDOZA,VISTA ALEGRE,VISTA ALEGRE
01,0103,010303,AMAZONAS,BONGARA,CHURUJA,CHURUJA
06,0606,060606,CAJAMARCA,CUTERVO,PIMPINGOS,PIMPINGOS
20,2001,200107,PIURA,PIURA,CURA MORI,CUCUNGARA
01,0107,010706,AMAZONAS,UTCUBAMBA,LONYA GRANDE,LONYA GRANDE
01,0101,010116,AMAZONAS,CHACHAPOYAS,OLLEROS,OLLEROS
20,2001,200109,PIURA,PIURA,LA ARENA,LA ARENA
06,0604,060414,CAJAMARCA,CHOTA,PION,PION
02,0208,020802,ANCASH,CASMA,BUENA VISTA ALTA,BUENA VISTA ALTA
02,0210,021005,ANCASH,HUARI,HUACACHI,HUACACHI
02,0206,020606,ANCASH,CARHUAZ,MARCARA,MARCARA
02,0206,020605,ANCASH,CARHUAZ,ATAQUERO,CARHUAC
02,0212,021208,ANCASH,HUAYLAS,SANTA CRUZ,HUARIPAMPA
09,0905,090501,HUANCAVELICA,CHURCAMPA,CHURCAMPA,CHURCAMPA
09,0905,090502,HUANCAVELICA,CHURCAMPA,ANCO,LA ESMERALDA
02,0214,021409,ANCASH,OCROS,SAN PEDRO,COPA
02,0214,021405,ANCASH,OCROS,COCHAS,HUANCHAY
01,0106,010608,AMAZONAS,RODRIGUEZ DE MENDOZA,MILPUC,MILPUC
02,0205,020507,ANCASH,BOLOGNESI,COLQUIOC,CHASQUITAMBO
02,0219,021910,ANCASH,SIHUAS,SICSIBAMBA,UMBE
02,0219,021902,ANCASH,SIHUAS,ACOBAMBA,ACOBAMBA
02,0215,021508,ANCASH,PALLASCA,PALLASCA,PALLASCA
02,0209,020907,ANCASH,CORONGO,YUPAN,YUPAN
25,2501,250104,UCAYALI,CORONEL PORTILLO,MASISEA,MASISEA
02,0219,021907,ANCASH,SIHUAS,QUICHES,QUICHES
02,0219,021905,ANCASH,SIHUAS,CHINGALPO,CHINGALPO
04,0408,040809,AREQUIPA,LA UNION,TAURIA,TAURIA
04,0403,040310,AREQUIPA,CARAVELI,JAQUI,JAQUI
04,0408,040808,AREQUIPA,LA UNION,SAYLA,SAYLA
19,1901,190108,PASCO,PASCO,SAN FRANCISCO DE ASIS DE YARUSYACAN,YARUSYACAN
21,2109,210903,PUNO,MOHO,HUAYRAPATA,HUAYRAPATA
04,0408,040807,AREQUIPA,LA UNION,QUECHUALLA,VELINGA
04,0408,040810,AREQUIPA,LA UNION,TOMEPAMPA,TOMEPAMPA
04,0408,040801,AREQUIPA,LA UNION,COTAHUASI,COTAHUASI
16,1605,160507,LORETO,REQUENA,SAQUENA,BAGAZAN
04,0405,040515,AREQUIPA,CAYLLOMA,SIBAYO,SIBAYO
04,0403,040311,AREQUIPA,CARAVELI,LOMAS,LOMAS
04,0408,040803,AREQUIPA,LA UNION,CHARCANA,CHARCANA
08,0804,080406,CUSCO,CALCA,SAN SALVADOR,SAN SALVADOR
08,0808,080802,CUSCO,ESPINAR,CONDOROMA,CONDOROMA
21,2107,210710,PUNO,LAMPA,VILAVILA,VILAVILA
04,0408,040802,AREQUIPA,LA UNION,ALCA,ALCA
02,0207,020702,ANCASH,CARLOS FERMIN FITZCARRALD,SAN NICOLAS,SAN NICOLAS
02,0213,021305,ANCASH,MARISCAL LUZURIAGA,LLAMA,LLAMA
02,0216,021602,ANCASH,POMABAMBA,HUAYLLAN,HUAYLLAN
02,0213,021303,ANCASH,MARISCAL LUZURIAGA,ELEAZAR GUZMAN BARRON,PAMPACHACRA
02,0212,021204,ANCASH,HUAYLAS,HUAYLAS,HUAYLAS
02,0213,021308,ANCASH,MARISCAL LUZURIAGA,MUSGA,MUSGA
02,0217,021708,ANCASH,RECUAY,PARARIN,PARARIN
02,0205,020509,ANCASH,BOLOGNESI,HUASTA,HUASTA
02,0217,021706,ANCASH,RECUAY,MARCA,MARCA
01,0105,010516,AMAZONAS,LUYA,SAN CRISTOBAL,OLTO
06,0604,060407,CAJAMARCA,CHOTA,COCHABAMBA,COCHABAMBA
06,0606,060602,CAJAMARCA,CUTERVO,CALLAYUC,CALLAYUC
01,0107,010704,AMAZONAS,UTCUBAMBA,EL MILAGRO,EL MILAGRO
03,0306,030606,APURIMAC,CHINCHEROS,ONGOY,ONGOY
06,0608,060803,CAJAMARCA,JAEN,CHONTALI,CHONTALI
01,0102,010201,AMAZONAS,BAGUA,BAGUA,BAGUA
08,0805,080507,CUSCO,CANAS,QUEHUE,QUEHUE
08,0810,081008,CUSCO,PARURO,PILLPINTO,PILLPINTO
08,0806,080604,CUSCO,CANCHIS,MARANGANI,MARANGANI
03,0303,030303,APURIMAC,ANTABAMBA,HUAQUIRCA,HUAQUIRCA
08,0807,080707,CUSCO,CHUMBIVILCAS,QUIÑOTA,QUIÑOTA
08,0813,081303,CUSCO,URUBAMBA,HUAYLLABAMBA,HUAYLLABAMBA
03,0303,030307,APURIMAC,ANTABAMBA,SABAINO,SABAINO
03,0307,030713,APURIMAC,GRAU,VIRUNDO,SAN JUAN DE VIRUNDO
08,0805,080503,CUSCO,CANAS,KUNTURKANKI,EL DESCANSO
08,0805,080502,CUSCO,CANAS,CHECCA,CHECCA
03,0303,030304,APURIMAC,ANTABAMBA,JUAN ESPINOZA MEDRANO,MOLLEBAMBA
03,0303,030301,APURIMAC,ANTABAMBA,ANTABAMBA,ANTABAMBA
03,0304,030403,APURIMAC,AYMARAES,CARAYBAMBA,CARAYBAMBA
03,0306,030610,APURIMAC,CHINCHEROS,EL PORVENIR,SAN PEDRO HUAMBURQUE
08,0805,080504,CUSCO,CANAS,LANGUI,LANGUI
08,0813,081305,CUSCO,URUBAMBA,MARAS,MARAS
08,0806,080603,CUSCO,CANCHIS,COMBAPATA,COMBAPATA
08,0810,081006,CUSCO,PARURO,OMACHA,OMACHA
03,0304,030407,APURIMAC,AYMARAES,IHUAYLLO,IHUAYLLO
03,0304,030414,APURIMAC,AYMARAES,TAPAIRIHUA,TAPAIRIHUA
05,0509,050907,AYACUCHO,SUCRE,PAICO,PAICO
03,0307,030708,APURIMAC,GRAU,PROGRESO,PROGRESO
05,0509,050903,AYACUCHO,SUCRE,CHALCOS,CHALCOS
21,2108,210804,PUNO,MELGAR,LLALLI,LLALLI
03,0304,030404,APURIMAC,AYMARAES,CHAPIMARCA,CHAPIMARCA
03,0307,030701,APURIMAC,GRAU,CHUQUIBAMBILLA,CHUQUIBAMBILLA
03,0304,030401,APURIMAC,AYMARAES,CHALHUANCA,CHALHUANCA
08,0805,080501,CUSCO,CANAS,YANAOCA,YANAOCA
08,0802,080205,CUSCO,ACOMAYO,POMACANCHI,POMACANCHI
08,0807,080702,CUSCO,CHUMBIVILCAS,CAPACMARCA,CAPACMARCA
03,0304,030416,APURIMAC,AYMARAES,TORAYA,TORAYA
03,0302,030206,APURIMAC,ANDAHUAYLAS,HUAYANA,HUAYANA
09,0904,090412,HUANCAVELICA,CASTROVIRREYNA,TANTARA,TANTARA
08,0802,080207,CUSCO,ACOMAYO,SANGARARA,SANGARARA
03,0302,030212,APURIMAC,ANDAHUAYLAS,SAN ANTONIO DE CACHI,SAN ANTONIO DE CACHI
03,0307,030703,APURIMAC,GRAU,GAMARRA,PALPACACHI
08,0812,081212,CUSCO,QUISPICANCHI,QUIQUIJANA,QUIQUIJANA
08,0802,080206,CUSCO,ACOMAYO,RONDOCAN,RONDOCAN
03,0302,030205,APURIMAC,ANDAHUAYLAS,HUANCARAY,HUANCARAY
08,0810,081007,CUSCO,PARURO,PACCARITAMBO,PACCARITAMBO
09,0901,090112,HUANCAVELICA,HUANCAVELICA,MOYA,MOYA
03,0301,030106,APURIMAC,ABANCAY,LAMBRAMA,LAMBRAMA
08,0810,081002,CUSCO,PARURO,ACCHA,ACCHA
09,0907,090710,HUANCAVELICA,TAYACAJA,ÑAHUIMPUQUIO,ÑAHUIMPUQUIO
03,0305,030505,APURIMAC,COTABAMBAS,MARA,MARA
03,0307,030704,APURIMAC,GRAU,HUAYLLATI,HUAYLLATI
08,0802,080201,CUSCO,ACOMAYO,ACOMAYO,ACOMAYO
03,0301,030102,APURIMAC,ABANCAY,CHACOCHE,CHACOCHE
03,0304,030411,APURIMAC,AYMARAES,SAN JUAN DE CHACÑA,SAN JUAN DE CHACÑA
03,0307,030702,APURIMAC,GRAU,CURPAHUASI,CURPAHUASI
03,0304,030409,APURIMAC,AYMARAES,LUCRE,LUCRE
08,0802,080203,CUSCO,ACOMAYO,ACOS,ACOS
03,0306,030603,APURIMAC,CHINCHEROS,COCHARCAS,COCHARCAS
03,0302,030217,APURIMAC,ANDAHUAYLAS,TUMAY HUARACA,UMAMARCA
08,0810,081004,CUSCO,PARURO,COLCHA,COLCHA
08,0812,081206,CUSCO,QUISPICANCHI,CUSIPATA,CUSIPATA
03,0304,030415,APURIMAC,AYMARAES,TINTAY,TINTAY
03,0302,030209,APURIMAC,ANDAHUAYLAS,PACUCHA,PACUCHA
03,0301,030103,APURIMAC,ABANCAY,CIRCA,CIRCA
03,0305,030503,APURIMAC,COTABAMBAS,COYLLURQUI,COYLLURQUI
08,0810,081003,CUSCO,PARURO,CCAPI,CCAPI
08,0812,081208,CUSCO,QUISPICANCHI,LUCRE,LUCRE
08,0801,080102,CUSCO,CUSCO,CCORCA,CCORCA
03,0301,030107,APURIMAC,ABANCAY,PICHIRHUA,PICHIRHUA
03,0305,030502,APURIMAC,COTABAMBAS,COTABAMBAS,COTABAMBAS
03,0301,030101,APURIMAC,ABANCAY,ABANCAY,ABANCAY
03,0301,030109,APURIMAC,ABANCAY,TAMBURCO,TAMBURCO
09,0901,090117,HUANCAVELICA,HUANCAVELICA,YAULI,YAULI
15,1510,151023,LIMA,YAUYOS,PUTINZA,SAN LORENZO DE PUTINZA
08,0801,080105,CUSCO,CUSCO,SAN SEBASTIAN,SAN SEBASTIAN
09,0902,090206,HUANCAVELICA,ACOBAMBA,PAUCARA,PAUCARA
09,0901,090114,HUANCAVELICA,HUANCAVELICA,PALCA,PALCA
09,0903,090304,HUANCAVELICA,ANGARAES,CCOCHACCASA,CCOCHACCASA
22,2205,220501,SAN MARTIN,LAMAS,LAMAS,LAMAS
15,1510,151031,LIMA,YAUYOS,TUPE,TUPE
09,0903,090303,HUANCAVELICA,ANGARAES,CALLANMARCA,CALLANMARCA
15,1510,151020,LIMA,YAUYOS,MADEAN,MADEAN
09,0901,090110,HUANCAVELICA,HUANCAVELICA,MANTA,MANTA
08,0809,080904,CUSCO,LA CONVENCION,MARANURA,MARANURA
09,0901,090109,HUANCAVELICA,HUANCAVELICA,LARIA,LARIA
09,0904,090403,HUANCAVELICA,CASTROVIRREYNA,AURAHUA,AURAHUA
15,1510,151032,LIMA,YAUYOS,VIÑAC,VIÑAC
05,0506,050616,AYACUCHO,LUCANAS,SAN JUAN,SAN JUAN
15,1510,151029,LIMA,YAUYOS,TAURIPAMPA,TAURIPAMPA
03,0306,030601,APURIMAC,CHINCHEROS,CHINCHEROS,CHINCHEROS
09,0901,090119,HUANCAVELICA,HUANCAVELICA,HUANDO,HUANDO
09,0901,090116,HUANCAVELICA,HUANCAVELICA,VILCA,VILCA
03,0302,030216,APURIMAC,ANDAHUAYLAS,TALAVERA,TALAVERA
09,0903,090312,HUANCAVELICA,ANGARAES,SECCLLA,SECCLLA
15,1510,151021,LIMA,YAUYOS,MIRAFLORES,MIRAFLORES
15,1510,151010,LIMA,YAUYOS,COCHAS,COCHAS
08,0801,080104,CUSCO,CUSCO,SAN JERONIMO,SAN JERONIMO
15,1501,150141,LIMA,LIMA,SURQUILLO,SURQUILLO
08,0812,081204,CUSCO,QUISPICANCHI,CCARHUAYO,CCARHUAYO
14,1403,140302,LAMBAYEQUE,LAMBAYEQUE,CHOCHOPE,CHOCHOPE
08,0801,080101,CUSCO,CUSCO,CUSCO,CUSCO
15,1510,151004,LIMA,YAUYOS,AYAVIRI,AYAVIRI
08,0811,081102,CUSCO,PAUCARTAMBO,CAICAY,CAICAY
03,0302,030219,APURIMAC,ANDAHUAYLAS,KAQUIABAMBA,KAQUIABAMBA
08,0811,081105,CUSCO,PAUCARTAMBO,HUANCARANI,HUANCARANI
09,0904,090408,HUANCAVELICA,CASTROVIRREYNA,HUAMATAMBO,HUAMATAMBO
08,0812,081205,CUSCO,QUISPICANCHI,CCATCA,CCATCA
09,0904,090402,HUANCAVELICA,CASTROVIRREYNA,ARMA,ARMA
15,1510,151025,LIMA,YAUYOS,QUINOCAY,QUINOCAY
11,1102,110209,ICA,CHINCHA,SAN PEDRO DE HUACARPANA,SAN PEDRO DE HUACARPANA
12,1201,120113,JUNIN,HUANCAYO,CULLHUAS,CULLHUAS
08,0809,080903,CUSCO,LA CONVENCION,HUAYOPATA,IPAL /6
15,1510,151024,LIMA,YAUYOS,QUINCHES,QUINCHES
15,1501,150136,LIMA,LIMA,SAN MIGUEL,SAN MIGUEL
12,1201,120112,JUNIN,HUANCAYO,COLCA,COLCA
15,1510,151002,LIMA,YAUYOS,ALIS,ALIS
15,1501,150127,LIMA,LIMA,PUNTA NEGRA,PUNTA NEGRA
09,0907,090713,HUANCAVELICA,TAYACAJA,QUISHUAR,QUISHUAR
08,0803,080304,CUSCO,ANTA,CHINCHAYPUJIO,CHINCHAYPUJIO
08,0803,080307,CUSCO,ANTA,MOLLEPATA,MOLLEPATA
08,0803,080306,CUSCO,ANTA,LIMATAMBO,LIMATAMBO
08,0804,080405,CUSCO,CALCA,PISAC,PISAC
08,0804,080403,CUSCO,CALCA,LAMAY,LAMAY
09,0904,090413,HUANCAVELICA,CASTROVIRREYNA,TICRAPO,TICRAPO
01,0103,010307,AMAZONAS,BONGARA,JAZAN,PEDRO RUIZ GALLO
08,0803,080305,CUSCO,ANTA,HUAROCONDO,HUAROCONDO
16,1605,160503,LORETO,REQUENA,CAPELO,FLOR DE PUNGA
11,1102,110202,ICA,CHINCHA,ALTO LARAN,ALTO LARAN
05,0506,050618,AYACUCHO,LUCANAS,SAN PEDRO DE PALCO,SAN PEDRO DE PALCO
05,0509,050908,AYACUCHO,SUCRE,SAN PEDRO DE LARCAY,SAN PEDRO DE LARCAY
05,0503,050302,AYACUCHO,HUANCA SANCOS,CARAPO,CARAPO
05,0509,050909,AYACUCHO,SUCRE,SAN SALVADOR DE QUIJE,SAN SALVADOR DE QUIJE
05,0503,050304,AYACUCHO,HUANCA SANCOS,SANTIAGO DE LUCANAMARCA,SANTIAGO DE LUCANAMARCA
05,0511,051105,AYACUCHO,VILCAS HUAMAN,HUAMBALPA,HUAMBALPA
05,0511,051106,AYACUCHO,VILCAS HUAMAN,INDEPENDENCIA,PACCHA HUALLHUA /4
05,0510,051005,AYACUCHO,VICTOR FAJARDO,CANARIA,CANARIA
05,0510,051010,AYACUCHO,VICTOR FAJARDO,HUALLA,SAN PEDRO DE HUALLA
03,0301,030108,APURIMAC,ABANCAY,SAN PEDRO DE CACHORA,CACHORA
05,0509,050901,AYACUCHO,SUCRE,QUEROBAMBA,QUEROBAMBA
05,0509,050904,AYACUCHO,SUCRE,CHILCAYOC,CHILCAYOC
05,0503,050303,AYACUCHO,HUANCA SANCOS,SACSAMARCA,SACSAMARCA
11,1102,110211,ICA,CHINCHA,TAMBO DE MORA,TAMBO DE MORA
03,0302,030208,APURIMAC,ANDAHUAYLAS,PACOBAMBA,PACOBAMBA
01,0101,010120,AMAZONAS,CHACHAPOYAS,SOLOCO,SOLOCO
08,0803,080301,CUSCO,ANTA,ANTA,ANTA
08,0803,080302,CUSCO,ANTA,ANCAHUASI,ANCAHUASI
03,0301,030105,APURIMAC,ABANCAY,HUANIPACA,HUANIPACA
03,0306,030605,APURIMAC,CHINCHEROS,OCOBAMBA,OCOBAMBA
09,0906,090610,HUANCAVELICA,HUAYTARA,SAN ANTONIO DE CUSICANCHA,CUSICANCHA
15,1507,150714,LIMA,HUAROCHIRI,RICARDO PALMA,RICARDO PALMA
21,2103,210309,PUNO,CARABAYA,SAN GABAN,LANLACUNI BAJO
11,1102,110207,ICA,CHINCHA,PUEBLO NUEVO,PUEBLO NUEVO
11,1102,110208,ICA,CHINCHA,SAN JUAN DE YANAC,SAN JUAN DE YANAC
15,1505,150501,LIMA,CAÑETE,SAN VICENTE DE CAÑETE,SAN VICENTE DE CAÑETE
12,1201,120101,JUNIN,HUANCAYO,HUANCAYO,HUANCAYO
15,1505,150506,LIMA,CAÑETE,COAYLLO,COAYLLO
09,0907,090706,HUANCAVELICA,TAYACAJA,DANIEL HERNANDEZ,MARISCAL CACERES
15,1510,151014,LIMA,YAUYOS,HUANCAYA,HUANCAYA
09,0907,090717,HUANCAVELICA,TAYACAJA,SURCUBAMBA,SURCUBAMBA
12,1201,120134,JUNIN,HUANCAYO,SICAYA,SICAYA
09,0907,090716,HUANCAVELICA,TAYACAJA,SAN MARCOS DE ROCCHAC,SAN MARCOS DE ROCCHAC
09,0907,090707,HUANCAVELICA,TAYACAJA,HUACHOCOLPA,HUACHOCOLPA
12,1204,120411,JUNIN,JAUJA,JANJAILLO,JANJAILLO /11
12,1208,120809,JUNIN,YAULI,SUITUCANCHA,SUITUCANCHA
12,1204,120408,JUNIN,JAUJA,HUAMALI,HUAMALI
15,1507,150712,LIMA,HUAROCHIRI,SAN PEDRO DE LARAOS,LARAOS
15,1507,150708,LIMA,HUAROCHIRI,HUANZA,HUANZA
12,1207,120703,JUNIN,TARMA,HUARICOLCA,HUARICOLCA
15,1504,150401,LIMA,CANTA,CANTA,CANTA
15,1506,150605,LIMA,HUARAL,CHANCAY,CHANCAY
15,1504,150404,LIMA,CANTA,HUAROS,HUAROS
12,1207,120702,JUNIN,TARMA,ACOBAMBA,ACOBAMBA
15,1501,150132,LIMA,LIMA,SAN JUAN DE LURIGANCHO,SAN JUAN DE LURIGANCHO
22,2203,220302,SAN MARTIN,EL DORADO,AGUA BLANCA,AGUA BLANCA
15,1508,150808,LIMA,HUAURA,PACCHO,PACCHO
14,1401,140117,LAMBAYEQUE,CHICLAYO,PATAPO,PATAPO
15,1501,150125,LIMA,LIMA,PUENTE PIEDRA,PUENTE PIEDRA
15,1507,150719,LIMA,HUAROCHIRI,SAN JUAN DE IRIS,SAN JUAN DE IRIS
14,1401,140107,LAMBAYEQUE,CHICLAYO,LAGUNAS,MOCUPE
22,2204,220406,SAN MARTIN,HUALLAGA,TINGO DE SAPOSOA,TINGO DE SAPOSOA
13,1310,131002,LA LIBERTAD,SANTIAGO DE CHUCO,ANGASMARCA,ANGASMARCA
10,1003,100321,HUANUCO,DOS DE MAYO,SHUNQUI,SHUNQUI
13,1305,130502,LA LIBERTAD,JULCAN,CALAMARCA,CALAMARCA
13,1301,130102,LA LIBERTAD,TRUJILLO,EL PORVENIR,EL PORVENIR
13,1308,130805,LA LIBERTAD,PATAZ,HUAYLILLAS,HUAYLILLAS
13,1301,130111,LA LIBERTAD,TRUJILLO,VICTOR LARCO HERRERA,BUENOS AIRES
13,1310,131005,LA LIBERTAD,SANTIAGO DE CHUCO,MOLLEPATA,MOLLEPATA
22,2207,220709,SAN MARTIN,PICOTA,TINGO DE PONASA,TINGO DE PONASA
13,1306,130602,LA LIBERTAD,OTUZCO,AGALLPAMPA,AGALLPAMPA
13,1306,130606,LA LIBERTAD,OTUZCO,LA CUESTA,LA CUESTA
13,1309,130907,LA LIBERTAD,SANCHEZ CARRION,SARIN,SARIN
13,1308,130810,LA LIBERTAD,PATAZ,PIAS,PIAS
13,1306,130601,LA LIBERTAD,OTUZCO,OTUZCO,OTUZCO
13,1306,130614,LA LIBERTAD,OTUZCO,USQUIL,USQUIL
13,1306,130605,LA LIBERTAD,OTUZCO,HUARANCHAL,HUARANCHAL
13,1308,130809,LA LIBERTAD,PATAZ,PATAZ,PATAZ
06,0612,061204,CAJAMARCA,SAN PABLO,TUMBADEN,TUMBADEN
06,0611,061109,CAJAMARCA,SAN MIGUEL,NIEPOS,NIEPOS
06,0611,061111,CAJAMARCA,SAN MIGUEL,SAN SILVESTRE DE COCHAN,SAN SILVESTRE DE COCHAN
22,2207,220703,SAN MARTIN,PICOTA,CASPISAPA,CASPISAPA
14,1401,140114,LAMBAYEQUE,CHICLAYO,SANTA ROSA,SANTA ROSA
14,1401,140109,LAMBAYEQUE,CHICLAYO,NUEVA ARICA,NUEVA ARICA
06,0611,061106,CAJAMARCA,SAN MIGUEL,LA FLORIDA,LA FLORIDA
22,2207,220707,SAN MARTIN,PICOTA,SAN HILARION,SAN CRISTOBAL DE SISA
14,1401,140106,LAMBAYEQUE,CHICLAYO,LA VICTORIA,LA VICTORIA
06,0611,061103,CAJAMARCA,SAN MIGUEL,CALQUIS,CALQUIS
14,1401,140108,LAMBAYEQUE,CHICLAYO,MONSEFU,MONSEFU
14,1401,140116,LAMBAYEQUE,CHICLAYO,CAYALTI,CAYALTI
06,0603,060311,CAJAMARCA,CELENDIN,UTCO,UTCO
06,0611,061107,CAJAMARCA,SAN MIGUEL,LLAPA,LLAPA
22,2207,220705,SAN MARTIN,PICOTA,PUCACACA,PUCACACA
06,0601,060105,CAJAMARCA,CAJAMARCA,ENCAÑADA,ENCAÑADA
14,1401,140115,LAMBAYEQUE,CHICLAYO,SAÑA,SAÑA
14,1403,140311,LAMBAYEQUE,LAMBAYEQUE,SAN JOSE,SAN JOSE
14,1401,140119,LAMBAYEQUE,CHICLAYO,PUCALA,PUCALA
06,0603,060312,CAJAMARCA,CELENDIN,LA LIBERTAD DE PALLAN,LA LIBERTAD DE PALLAN
10,1010,101006,HUANUCO,LAURICOCHA,SAN FRANCISCO DE ASIS,HUARIN
10,1001,100107,HUANUCO,HUANUCO,SAN FRANCISCO DE CAYRAN,CAYRAN
06,0604,060402,CAJAMARCA,CHOTA,ANGUIA,ANGUIA
01,0106,010606,AMAZONAS,RODRIGUEZ DE MENDOZA,LONGAR,LONGAR
01,0101,010111,AMAZONAS,CHACHAPOYAS,LEVANTO,LEVANTO
06,0604,060406,CAJAMARCA,CHOTA,CHOROPAMPA,CHOROPAMPA
22,2205,220505,SAN MARTIN,LAMAS,CUÑUMBUQUI,CUÑUMBUQUI
06,0603,060302,CAJAMARCA,CELENDIN,CHUMUCH,CHUMUCH
01,0106,010602,AMAZONAS,RODRIGUEZ DE MENDOZA,CHIRIMOTO,CHIRIMOTO
14,1401,140102,LAMBAYEQUE,CHICLAYO,CHONGOYAPE,CHONGOYAPE
06,0604,060410,CAJAMARCA,CHOTA,LAJAS,LAJAS
22,2203,220305,SAN MARTIN,EL DORADO,SHATOJA,SHATOJA
01,0105,010509,AMAZONAS,LUYA,LUYA,LUYA
22,2208,220808,SAN MARTIN,RIOJA,YORONGOS,YORONGOS
06,0613,061303,CAJAMARCA,SANTA CRUZ,CATACHE,CATACHE
22,2209,220906,SAN MARTIN,SAN MARTIN,EL PORVENIR,PELEJO
22,2205,220503,SAN MARTIN,LAMAS,BARRANQUITA,BARRANQUITA
01,0105,010502,AMAZONAS,LUYA,CAMPORREDONDO,CAMPORREDONDO
06,0606,060604,CAJAMARCA,CUTERVO,CUJILLO,CUJILLO
14,1402,140203,LAMBAYEQUE,FERREÑAFE,INCAHUASI,INCAHUASI
06,0604,060401,CAJAMARCA,CHOTA,CHOTA,CHOTA
11,1104,110405,ICA,PALPA,TIBILLO,TIBILLO
22,2201,220103,SAN MARTIN,MOYOBAMBA,HABANA,HABANA
06,0606,060608,CAJAMARCA,CUTERVO,SAN ANDRES DE CUTERVO,SAN ANDRES DE CUTERVO
01,0103,010306,AMAZONAS,BONGARA,FLORIDA,FLORIDA (POMACOCHAS)
06,0606,060609,CAJAMARCA,CUTERVO,SAN JUAN DE CUTERVO,SAN JUAN DE CUTERVO
01,0107,010701,AMAZONAS,UTCUBAMBA,BAGUA GRANDE,BAGUA GRANDE
16,1605,160509,LORETO,REQUENA,TAPICHE,IBERIA
24,2401,240102,TUMBES,TUMBES,CORRALES,SAN PEDRO DE LOS INCAS
01,0102,010203,AMAZONAS,BAGUA,COPALLIN,COPALLIN
11,1101,110112,ICA,ICA,SUBTANJALLA,SUBTANJALLA
22,2205,220502,SAN MARTIN,LAMAS,ALONSO DE ALVARADO,ROQUE
24,2403,240304,TUMBES,ZARUMILLA,PAPAYAL,PAPAYAL
14,1403,140304,LAMBAYEQUE,LAMBAYEQUE,JAYANCA,JAYANCA
01,0105,010512,AMAZONAS,LUYA,OCALLI,OCALLI
20,2007,200706,PIURA,TALARA,MANCORA,MANCORA
01,0101,010114,AMAZONAS,CHACHAPOYAS,MOLINOPAMPA,MOLINOPAMPA
01,0101,010121,AMAZONAS,CHACHAPOYAS,SONCHE,SAN JUAN DE SONCHE
09,0906,090605,HUANCAVELICA,HUAYTARA,LARAMARCA,LARAMARCA
01,0101,010119,AMAZONAS,CHACHAPOYAS,SAN ISIDRO DE MAINO,MAINO
06,0606,060615,CAJAMARCA,CUTERVO,TORIBIO CASANOVA,LA SACILIA
22,2201,220105,SAN MARTIN,MOYOBAMBA,SORITOR,SORITOR
16,1605,160504,LORETO,REQUENA,EMILIO SAN MARTIN,TAMANCO
01,0103,010308,AMAZONAS,BONGARA,RECTA,RECTA
16,1602,160210,LORETO,ALTO AMAZONAS,SANTA CRUZ,SANTA CRUZ
01,0102,010202,AMAZONAS,BAGUA,ARAMANGO,ARAMANGO
16,1605,160506,LORETO,REQUENA,PUINAHUA,BRETAÑA
16,1601,160108,LORETO,MAYNAS,PUNCHANA,PUNCHANA
06,0604,060417,CAJAMARCA,CHOTA,TACABAMBA,TACABAMBA
12,1204,120425,JUNIN,JAUJA,PARCO,PARCO
06,0604,060409,CAJAMARCA,CHOTA,HUAMBOS,HUAMBOS
22,2204,220402,SAN MARTIN,HUALLAGA,ALTO SAPOSOA,PASARRAYA
01,0105,010522,AMAZONAS,LUYA,TINGO,TINGO
01,0106,010609,AMAZONAS,RODRIGUEZ DE MENDOZA,OMIA,OMIA
22,2209,220905,SAN MARTIN,SAN MARTIN,CHIPURANA,NAVARRO
22,2208,220809,SAN MARTIN,RIOJA,YURACYACU,YURACYACU
01,0103,010305,AMAZONAS,BONGARA,CUISPES,CUISPES
01,0103,010310,AMAZONAS,BONGARA,SHIPASBAMBA,SHIPASBAMBA
01,0101,010115,AMAZONAS,CHACHAPOYAS,MONTEVIDEO,MONTEVIDEO
06,0613,061301,CAJAMARCA,SANTA CRUZ,SANTA CRUZ,SANTA CRUZ DE SUCCHABAMBA
14,1402,140206,LAMBAYEQUE,FERREÑAFE,PUEBLO NUEVO,PUEBLO NUEVO
09,0905,090508,HUANCAVELICA,CHURCAMPA,SAN MIGUEL DE MAYOCC,MAYOCC
01,0103,010302,AMAZONAS,BONGARA,CHISQUILLA,CHISQUILLA
15,1507,150715,LIMA,HUAROCHIRI,SAN ANDRES DE TUPICOCHA,SAN ANDRES DE TUPICOCHA
01,0103,010301,AMAZONAS,BONGARA,JUMBILLA,JUMBILLA
06,0613,061310,CAJAMARCA,SANTA CRUZ,UTICYACU,UTICYACU
22,2208,220804,SAN MARTIN,RIOJA,NUEVA CAJAMARCA,NUEVA CAJAMARCA
12,1202,120202,JUNIN,CONCEPCION,ACO,ACO
06,0613,061305,CAJAMARCA,SANTA CRUZ,LA ESPERANZA,LA ESPERANZA
14,1402,140204,LAMBAYEQUE,FERREÑAFE,MANUEL ANTONIO MESONES MURO,MANUEL ANTONIO MESONES MURO
06,0606,060603,CAJAMARCA,CUTERVO,CHOROS,CHOROS
06,0603,060301,CAJAMARCA,CELENDIN,CELENDIN,CELENDIN
01,0105,010513,AMAZONAS,LUYA,OCUMAL,COLLONCE
06,0603,060307,CAJAMARCA,CELENDIN,MIGUEL IGLESIAS,CHALAN
01,0101,010113,AMAZONAS,CHACHAPOYAS,MARISCAL CASTILLA,DURAZNOPAMPA
06,0607,060701,CAJAMARCA,HUALGAYOC,BAMBAMARCA,BAMBAMARCA
14,1403,140303,LAMBAYEQUE,LAMBAYEQUE,ILLIMO,ILLIMO
22,2203,220301,SAN MARTIN,EL DORADO,SAN JOSE DE SISA,SAN JOSE DE SISA
14,1403,140305,LAMBAYEQUE,LAMBAYEQUE,MOCHUMI,MOCHUMI
01,0105,010503,AMAZONAS,LUYA,COCABAMBA,COCABAMBA
01,0105,010521,AMAZONAS,LUYA,SANTO TOMAS,SANTO TOMAS
06,0613,061309,CAJAMARCA,SANTA CRUZ,SEXI,SEXI
06,0613,061304,CAJAMARCA,SANTA CRUZ,CHANCAYBAÑOS,CHANCAYBAÑOS
22,2205,220511,SAN MARTIN,LAMAS,ZAPATERO,ZAPATERO
06,0604,060419,CAJAMARCA,CHOTA,CHALAMARCA,CHALAMARCA
16,1601,160112,LORETO,MAYNAS,BELEN,BELEN
24,2401,240106,TUMBES,TUMBES,SAN JUAN DE LA VIRGEN,SAN JUAN DE LA VIRGEN
16,1604,160404,LORETO,MARISCAL RAMON CASTILLA,SAN PABLO,SAN PABLO DE LORETO
20,2004,200407,PIURA,MORROPON,SAN JUAN DE BIGOTE,BIGOTE
20,2004,200408,PIURA,MORROPON,SANTA CATALINA DE MOSSA,PALTASHACO
20,2003,200305,PIURA,HUANCABAMBA,LALAQUIZ,TUNAL
20,2001,200101,PIURA,PIURA,PIURA,PIURA
20,2004,200402,PIURA,MORROPON,BUENOS AIRES,BUENOS AIRES
20,2003,200302,PIURA,HUANCABAMBA,CANCHAQUE,CANCHAQUE
20,2004,200404,PIURA,MORROPON,LA MATANZA,LA MATANZA
20,2005,200504,PIURA,PAITA,COLAN,SAN LUCAS (PUEBLO NUEVO DE COLAN)
20,2004,200410,PIURA,MORROPON,YAMANGO,YAMANGO
20,2004,200405,PIURA,MORROPON,MORROPON,MORROPON
20,2006,200606,PIURA,SULLANA,MIGUEL CHECA,SOJO
20,2004,200403,PIURA,MORROPON,CHALACO,CHALACO
09,0905,090505,HUANCAVELICA,CHURCAMPA,LA MERCED,LA MERCED
20,2007,200703,PIURA,TALARA,LA BREA,NEGRITOS
20,2002,200207,PIURA,AYABACA,PAIMAS,PAIMAS
20,2002,200209,PIURA,AYABACA,SICCHEZ,SICCHEZ
20,2002,200203,PIURA,AYABACA,JILILI,JILILI
20,2005,200501,PIURA,PAITA,PAITA,PAITA
09,0903,090305,HUANCAVELICA,ANGARAES,CHINCHO,CHINCHO
05,0510,051008,AYACUCHO,VICTOR FAJARDO,HUAMANQUIQUIA,HUAMANQUIQUIA
05,0510,051011,AYACUCHO,VICTOR FAJARDO,SARHUA,SARHUA
05,0511,051101,AYACUCHO,VILCAS HUAMAN,VILCAS HUAMAN,VILCAS HUAMAN
12,1201,120111,JUNIN,HUANCAYO,CHUPURO,CHUPURO
05,0508,050801,AYACUCHO,PAUCAR DEL SARA SARA,PAUSA,PAUSA
05,0508,050807,AYACUCHO,PAUCAR DEL SARA SARA,PARARCA,PARARCA
05,0506,050603,AYACUCHO,LUCANAS,CABANA,CABANA
05,0506,050613,AYACUCHO,LUCANAS,OTOCA,OTOCA
05,0506,050604,AYACUCHO,LUCANAS,CARMEN SALCEDO,ANDAMARCA
05,0504,050402,AYACUCHO,HUANTA,AYAHUANCO,VIRACOCHAN
09,0907,090721,HUANCAVELICA,TAYACAJA,ROBLE,PUERTO SAN ANTONIO
09,0907,090722,HUANCAVELICA,TAYACAJA,PICHOS,PICHOS
05,0505,050513,AYACUCHO,LA MAR,RIO MAGDALENA,MONTERRICO
05,0505,050514,AYACUCHO,LA MAR,NINABAMBA,NINABAMBA
18,1801,180107,MOQUEGUA,MARISCAL NIETO,SAN ANTONIO,SAN ANTONIO
13,1302,130205,LA LIBERTAD,ASCOPE,PAIJAN,PAIJAN
10,1005,100506,HUANUCO,HUAMALIES,MIRAFLORES,MIRAFLORES
22,2207,220704,SAN MARTIN,PICOTA,PILLUANA,PILLUANA
11,1103,110305,ICA,NASCA,VISTA ALEGRE,VISTA ALEGRE
14,1401,140111,LAMBAYEQUE,CHICLAYO,PICSI,PICSI
21,2102,210215,PUNO,AZANGARO,TIRAPATA,TIRAPATA
21,2108,210803,PUNO,MELGAR,CUPI,CUPI
11,1103,110302,ICA,NASCA,CHANGUILLO,CHANGUILLO
21,2108,210807,PUNO,MELGAR,ORURILLO,ORURILLO
21,2102,210204,PUNO,AZANGARO,ASILLO,ASILLO
14,1401,140110,LAMBAYEQUE,CHICLAYO,OYOTUN,OYOTUN
15,1503,150304,LIMA,CAJATAMBO,HUANCAPON,HUANCAPON
11,1102,110204,ICA,CHINCHA,CHINCHA BAJA,CHINCHA BAJA
14,1403,140306,LAMBAYEQUE,LAMBAYEQUE,MORROPE,MORROPE
09,0905,090507,HUANCAVELICA,CHURCAMPA,PAUCARBAMBA,PAUCARBAMBA
14,1402,140205,LAMBAYEQUE,FERREÑAFE,PITIPO,PITIPO
22,2209,220909,SAN MARTIN,SAN MARTIN,LA BANDA DE SHILCAYO,LA BANDA
09,0905,090503,HUANCAVELICA,CHURCAMPA,CHINCHIHUASI,CHINCHIHUASI
09,0907,090705,HUANCAVELICA,TAYACAJA,COLCABAMBA,COLCABAMBA
15,1501,150142,LIMA,LIMA,VILLA EL SALVADOR,VILLA EL SALVADOR
09,0905,090510,HUANCAVELICA,CHURCAMPA,PACHAMARCA,PACHAMARCA
15,1510,151011,LIMA,YAUYOS,COLONIA,COLONIA
13,1307,130703,LA LIBERTAD,PACASMAYO,JEQUETEPEQUE,JEQUETEPEQUE
15,1507,150705,LIMA,HUAROCHIRI,CHICLA,CHICLA
12,1201,120126,JUNIN,HUANCAYO,PUCARA,PUCARA
21,2102,210213,PUNO,AZANGARO,SAN JUAN DE SALINAS,SAN JUAN DE SALINAS
14,1403,140301,LAMBAYEQUE,LAMBAYEQUE,LAMBAYEQUE,LAMBAYEQUE
12,1209,120909,JUNIN,CHUPACA,YANACANCHA,YANACANCHA
21,2106,210604,PUNO,HUANCANE,INCHUPALLA,INCHUPALLA
21,2103,210302,PUNO,CARABAYA,AJOYANI,AJOYANI
15,1505,150510,LIMA,CAÑETE,NUEVO IMPERIAL,NUEVO IMPERIAL
15,1505,150511,LIMA,CAÑETE,PACARAN,PACARAN
10,1001,100102,HUANUCO,HUANUCO,AMARILIS,PAUCARBAMBA
09,0907,090711,HUANCAVELICA,TAYACAJA,PAZOS,PAZOS
11,1102,110201,ICA,CHINCHA,CHINCHA ALTA,CHINCHA ALTA
11,1102,110206,ICA,CHINCHA,GROCIO PRADO,SAN PEDRO
10,1011,101108,HUANUCO,YAROWILCA,CHORAS,CHORAS
22,2203,220304,SAN MARTIN,EL DORADO,SANTA ROSA,SANTA ROSA
12,1209,120908,JUNIN,CHUPACA,TRES DE DICIEMBRE,TRES DE DICIEMBRE
10,1001,100101,HUANUCO,HUANUCO,HUANUCO,HUANUCO
15,1507,150727,LIMA,HUAROCHIRI,SANTA CRUZ DE COCACHACRA,COCACHACRA
15,1505,150508,LIMA,CAÑETE,LUNAHUANA,LUNAHUANA
15,1505,150504,LIMA,CAÑETE,CERRO AZUL,CERRO AZUL
15,1505,150516,LIMA,CAÑETE,ZUÑIGA,ZUÑIGA
15,1507,150729,LIMA,HUAROCHIRI,SANTIAGO DE ANCHUCAYA,SANTIAGO DE ANCHUCAYA
15,1505,150512,LIMA,CAÑETE,QUILMANA,QUILMANA
12,1202,120208,JUNIN,CONCEPCION,MANZANARES,SAN MIGUEL
12,1204,120402,JUNIN,JAUJA,ACOLLA,ACOLLA
12,1202,120213,JUNIN,CONCEPCION,ORCOTUNA,ORCOTUNA
12,1202,120212,JUNIN,CONCEPCION,NUEVE DE JULIO,SANTO DOMINGO DEL PRADO
09,0906,090602,HUANCAVELICA,HUAYTARA,AYAVI,AYAVI
12,1201,120125,JUNIN,HUANCAYO,PILCOMAYO,PILCOMAYO
11,1105,110503,ICA,PISCO,HUMAY,HUMAY
15,1507,150702,LIMA,HUAROCHIRI,ANTIOQUIA,ANTIOQUIA
11,1101,110107,ICA,ICA,PUEBLO NUEVO,PUEBLO NUEVO
21,2112,211204,PUNO,SANDIA,PATAMBUCO,PATAMBUCO
21,2112,211201,PUNO,SANDIA,SANDIA,SANDIA
21,2112,211207,PUNO,SANDIA,SAN JUAN DEL ORO,SAN JUAN DEL ORO
12,1201,120133,JUNIN,HUANCAYO,SAPALLANGA,SAPALLANGA
12,1207,120706,JUNIN,TARMA,PALCA,PALCA
15,1506,150602,LIMA,HUARAL,ATAVILLOS ALTO,PIRCA
15,1501,150130,LIMA,LIMA,SAN BORJA,SAN FRANCISCO DE BORJA
12,1207,120707,JUNIN,TARMA,PALCAMAYO,PALCAMAYO
09,0905,090506,HUANCAVELICA,CHURCAMPA,LOCROJA,LOCROJA
15,1508,150810,LIMA,HUAURA,SANTA MARIA,CRUZ BLANCA
12,1202,120209,JUNIN,CONCEPCION,MARISCAL CASTILLA,MUCLLO
12,1203,120306,JUNIN,CHANCHAMAYO,VITOC,PUCARA
15,1506,150607,LIMA,HUARAL,LAMPIAN,LAMPIAN
15,1508,150801,LIMA,HUAURA,HUACHO,HUACHO
15,1506,150606,LIMA,HUARAL,IHUARI,IHUARI
15,1506,150610,LIMA,HUARAL,SANTA CRUZ DE ANDAMARCA,SANTA CRUZ DE ANDAMARCA
15,1506,150612,LIMA,HUARAL,VEINTISIETE DE NOVIEMBRE,CARAC
10,1008,100804,HUANUCO,PACHITEA,UMARI,UMARI (TAMBILLO)
13,1311,131102,LA LIBERTAD,GRAN CHIMU,LUCMA,LUCMA
13,1311,131104,LA LIBERTAD,GRAN CHIMU,SAYAPULLO,SAYAPULLO
13,1309,130908,LA LIBERTAD,SANCHEZ CARRION,SARTIMBAMBA,SARTIMBAMBA
21,2107,210707,PUNO,LAMPA,PARATIA,PARATIA
15,1507,150720,LIMA,HUAROCHIRI,SAN JUAN DE TANTARANCHE,SAN JUAN DE TANTARANCHE
12,1202,120201,JUNIN,CONCEPCION,CONCEPCION,CONCEPCION
15,1507,150709,LIMA,HUAROCHIRI,HUAROCHIRI,HUAROCHIRI
09,0906,090615,HUANCAVELICA,HUAYTARA,SANTO DOMINGO DE CAPILLAS,SANTO DOMINGO DE CAPILLAS
15,1501,150140,LIMA,LIMA,SANTIAGO DE SURCO,SANTIAGO DE SURCO
09,0907,090714,HUANCAVELICA,TAYACAJA,SALCABAMBA,SALCABAMBA
24,2402,240201,TUMBES,CONTRALMIRANTE VILLAR,ZORRITOS,ZORRITOS
12,1202,120215,JUNIN,CONCEPCION,SANTA ROSA DE OCOPA,SANTA ROSA
22,2205,220510,SAN MARTIN,LAMAS,TABALOSOS,TABALOSOS
14,1403,140307,LAMBAYEQUE,LAMBAYEQUE,MOTUPE,MOTUPE
22,2208,220801,SAN MARTIN,RIOJA,RIOJA,RIOJA
14,1402,140202,LAMBAYEQUE,FERREÑAFE,CAÑARIS,CAÑARIS
22,2201,220102,SAN MARTIN,MOYOBAMBA,CALZADA,CALZADA
22,2205,220504,SAN MARTIN,LAMAS,CAYNARACHI,PONGO DE CAYNARACHI
20,2008,200806,PIURA,SECHURA,RINCONADA LLICUAR,DOS PUEBLOS
22,2208,220806,SAN MARTIN,RIOJA,POSIC,POSIC
20,2008,200803,PIURA,SECHURA,BERNAL,BERNAL
16,1607,160703,LORETO,DATEM DEL MARAÑON,MANSERICHE,SARAMIRIZA
16,1603,160302,LORETO,LORETO,PARINARI,PARINARI
20,2003,200306,PIURA,HUANCABAMBA,SAN MIGUEL DE EL FAIQUE,SAN MIGUEL DE EL FAIQUE
22,2202,220205,SAN MARTIN,BELLAVISTA,SAN PABLO,SAN PABLO
14,1401,140105,LAMBAYEQUE,CHICLAYO,JOSE LEONARDO ORTIZ,SAN CARLOS
10,1004,100404,HUANUCO,HUACAYBAMBA,PINRA,PINRA
22,2204,220401,SAN MARTIN,HUALLAGA,SAPOSOA,SAPOSOA
19,1903,190302,PASCO,OXAPAMPA,CHONTABAMBA,CHONTABAMBA
19,1903,190301,PASCO,OXAPAMPA,OXAPAMPA,OXAPAMPA
19,1903,190307,PASCO,OXAPAMPA,VILLA RICA,VILLA RICA
10,1002,100202,HUANUCO,AMBO,CAYNA,CAYNA
10,1002,100204,HUANUCO,AMBO,CONCHAMARCA,CONCHAMARCA
10,1001,100105,HUANUCO,HUANUCO,MARGOS,MARGOS
10,1001,100108,HUANUCO,HUANUCO,SAN PEDRO DE CHAULAN,CHAULAN
10,1001,100111,HUANUCO,HUANUCO,PILLCO MARCA,CAYHUAYNA
16,1607,160706,LORETO,DATEM DEL MARAÑON,ANDOAS,ALIANZA CRISTIANA
15,1507,150704,LIMA,HUAROCHIRI,CARAMPOMA,CARAMPOMA
12,1202,120205,JUNIN,CONCEPCION,COCHAS,COCHAS
12,1202,120203,JUNIN,CONCEPCION,ANDAMARCA,ANDAMARCA
15,1501,150106,LIMA,LIMA,CARABAYLLO,CARABAYLLO
15,1509,150904,LIMA,OYON,COCHAMARCA,COCHAMARCA
15,1509,150903,LIMA,OYON,CAUJUL,CAUJUL
15,1509,150906,LIMA,OYON,PACHANGARA,CHURIN
19,1901,190101,PASCO,PASCO,CHAUPIMARCA,CERRO DE PASCO
15,1509,150905,LIMA,OYON,NAVAN,NAVAN
25,2502,250202,UCAYALI,ATALAYA,SEPAHUA,SEPAHUA
12,1203,120304,JUNIN,CHANCHAMAYO,SAN LUIS DE SHUARO,SAN LUIS DE SHUARO
15,1508,150809,LIMA,HUAURA,SANTA LEONOR,JUCUL
15,1508,150804,LIMA,HUAURA,CHECRAS,MARAY
12,1205,120502,JUNIN,JUNIN,CARHUAMAYO,CARHUAMAYO
19,1901,190112,PASCO,PASCO,VICCO,VICCO
13,1308,130812,LA LIBERTAD,PATAZ,TAURIJA,TAURIJA
13,1301,130109,LA LIBERTAD,TRUJILLO,SALAVERRY,SALAVERRY
15,1502,150204,LIMA,BARRANCA,SUPE,SUPE
15,1502,150201,LIMA,BARRANCA,BARRANCA,BARRANCA
15,1508,150802,LIMA,HUAURA,AMBAR,AMBAR
15,1502,150203,LIMA,BARRANCA,PATIVILCA,PATIVILCA
15,1503,150305,LIMA,CAJATAMBO,MANAS,MANAS
15,1502,150202,LIMA,BARRANCA,PARAMONGA,PARAMONGA
16,1602,160205,LORETO,ALTO AMAZONAS,JEBEROS,JEBEROS
13,1305,130501,LA LIBERTAD,JULCAN,JULCAN,JULCAN
10,1009,100903,HUANUCO,PUERTO INCA,HONORIA,HONORIA
13,1301,130106,LA LIBERTAD,TRUJILLO,LAREDO,LAREDO
13,1306,130611,LA LIBERTAD,OTUZCO,SALPO,SALPO
06,0610,061006,CAJAMARCA,SAN MARCOS,JOSE MANUEL QUIROZ,SHIRAC
13,1310,131008,LA LIBERTAD,SANTIAGO DE CHUCO,SITABAMBA,SITABAMBA
06,0605,060506,CAJAMARCA,CONTUMAZA,SANTA CRUZ DE TOLED,SANTA CRUZ DE TOLED
13,1308,130806,LA LIBERTAD,PATAZ,HUAYO,HUAYO
13,1308,130804,LA LIBERTAD,PATAZ,HUANCASPATA,HUANCASPATA
13,1308,130813,LA LIBERTAD,PATAZ,URPAY,URPAY
02,0215,021502,ANCASH,PALLASCA,BOLOGNESI,BOLOGNESI
13,1310,131007,LA LIBERTAD,SANTIAGO DE CHUCO,SANTA CRUZ DE CHUCA,SANTA CRUZ DE CHUCA
12,1202,120210,JUNIN,CONCEPCION,MATAHUASI,MATAHUASI
12,1204,120431,JUNIN,JAUJA,SINCOS,SINCOS
12,1201,120114,JUNIN,HUANCAYO,EL TAMBO,EL TAMBO
15,1507,150717,LIMA,HUAROCHIRI,SAN BARTOLOME,SAN BARTOLOME
21,2107,210706,PUNO,LAMPA,PALCA,PALCA
21,2102,210210,PUNO,AZANGARO,SAMAN,SAMAN
21,2106,210606,PUNO,HUANCANE,ROSASPATA,ROSASPATA
10,1001,100104,HUANUCO,HUANUCO,CHURUBAMBA,CHURUBAMBA
10,1003,100311,HUANUCO,DOS DE MAYO,MARIAS,MARIAS
21,2102,210206,PUNO,AZANGARO,CHUPA,CHUPA
21,2107,210705,PUNO,LAMPA,OCUVIRI,OCUVIRI
22,2201,220106,SAN MARTIN,MOYOBAMBA,YANTALO,YANTALO
16,1605,160501,LORETO,REQUENA,REQUENA,REQUENA
15,1507,150728,LIMA,HUAROCHIRI,SANTA EULALIA,SANTA EULALIA
10,1011,101101,HUANUCO,YAROWILCA,CHAVINILLO,CHAVINILLO
10,1001,100109,HUANUCO,HUANUCO,SANTA MARIA DEL VALLE,SANTA MARIA DEL VALLE
10,1010,101003,HUANUCO,LAURICOCHA,JIVIA,JIVIA
22,2205,220508,SAN MARTIN,LAMAS,SAN ROQUE DE CUMBAZA,SAN ROQUE DE CUMBAZA
16,1605,160505,LORETO,REQUENA,MAQUIA,SANTA ISABEL
21,2102,210214,PUNO,AZANGARO,SANTIAGO DE PUPUJA,SANTIAGO DE PUPUJA
21,2102,210207,PUNO,AZANGARO,JOSE DOMINGO CHOQUEHUANCA,ESTACION DE PUCARA
11,1104,110401,ICA,PALPA,PALPA,PALPA
21,2106,210603,PUNO,HUANCANE,HUATASANI,HUATASANI
21,2102,210203,PUNO,AZANGARO,ARAPA,ARAPA
21,2110,211005,PUNO,SAN ANTONIO DE PUTINA,SINA,SINA
11,1104,110404,ICA,PALPA,SANTA CRUZ,SANTA CRUZ
21,2112,211206,PUNO,SANDIA,QUIACA,QUIACA
11,1101,110104,ICA,ICA,OCUCAJE,OCUCAJE
21,2112,211202,PUNO,SANDIA,CUYOCUYO,CUYOCUYO
21,2102,210211,PUNO,AZANGARO,SAN ANTON,SAN ANTON
11,1101,110106,ICA,ICA,PARCONA,PARCONA
11,1101,110101,ICA,ICA,ICA,ICA
15,1501,150143,LIMA,LIMA,VILLA MARIA DEL TRIUNFO,VILLA MARIA DEL TRIUNFO
13,1310,131004,LA LIBERTAD,SANTIAGO DE CHUCO,MOLLEBAMBA,MOLLEBAMBA
09,0906,090614,HUANCAVELICA,HUAYTARA,SANTIAGO DE QUIRAHUARA,SANTIAGO DE QUIRAHUARA
11,1101,110102,ICA,ICA,LA TINGUIÑA,LA TINGUIÑA
09,0906,090606,HUANCAVELICA,HUAYTARA,OCOYO,OCOYO
11,1103,110303,ICA,NASCA,EL INGENIO,EL INGENIO
21,2102,210212,PUNO,AZANGARO,SAN JOSE,SAN JOSE
11,1104,110402,ICA,PALPA,LLIPATA,LLIPATA
12,1201,120128,JUNIN,HUANCAYO,QUILCAS,QUILCAS
21,2112,211208,PUNO,SANDIA,YANAHUAYA,YANAHUAYA
11,1104,110403,ICA,PALPA,RIO GRANDE,RIO GRANDE
09,0906,090603,HUANCAVELICA,HUAYTARA,CORDOVA,CORDOVA
21,2112,211205,PUNO,SANDIA,PHARA,PHARA
09,0906,090608,HUANCAVELICA,HUAYTARA,QUERCO,QUERCO
11,1101,110108,ICA,ICA,SALAS,GUADALUPE
12,1201,120127,JUNIN,HUANCAYO,QUICHUAY,QUICHUAY
09,0906,090611,HUANCAVELICA,HUAYTARA,SAN FRANCISCO DE SANGAYAICO,SAN FRANCISCO DE SANGAYAICO
12,1204,120430,JUNIN,JAUJA,SAUSA,SAUSA
15,1510,151012,LIMA,YAUYOS,HONGOS,HONGOS
15,1507,150726,LIMA,HUAROCHIRI,SANGALLAYA,SANGALLAYA
15,1510,151008,LIMA,YAUYOS,CATAHUASI,CATAHUASI
15,1501,150104,LIMA,LIMA,BARRANCO,BARRANCO
15,1510,151006,LIMA,YAUYOS,CACRA,CACRA
12,1204,120421,JUNIN,JAUJA,MUQUIYAUYO,MUQUIYAUYO
15,1505,150509,LIMA,CAÑETE,MALA,MALA
12,1201,120106,JUNIN,HUANCAYO,CHICCHE,CHICCHE
15,1505,150513,LIMA,CAÑETE,SAN ANTONIO,SAN ANTONIO
15,1507,150730,LIMA,HUAROCHIRI,SANTIAGO DE TUNA,SANTIAGO DE TUNA
15,1510,151009,LIMA,YAUYOS,CHOCOS,CHOCOS
15,1506,150609,LIMA,HUARAL,SAN MIGUEL DE ACOS,ACOS
15,1506,150601,LIMA,HUARAL,HUARAL,HUARAL
12,1202,120204,JUNIN,CONCEPCION,CHAMBARA,CHAMBARA
12,1201,120132,JUNIN,HUANCAYO,SAÑO,SAÑO
15,1510,151003,LIMA,YAUYOS,ALLAUCA,ALLAUCA
15,1507,150731,LIMA,HUAROCHIRI,SANTO DOMINGO DE LOS OLLEROS,SANTO DOMINGO DE LOS OLLEROS
15,1501,150133,LIMA,LIMA,SAN JUAN DE MIRAFLORES,CIUDAD DE DIOS
08,0804,080402,CUSCO,CALCA,COYA,COYA
12,1209,120903,JUNIN,CHUPACA,CHONGOS BAJO,CHONGOS BAJO
15,1507,150711,LIMA,HUAROCHIRI,LANGA,LANGA
15,1501,150122,LIMA,LIMA,MIRAFLORES,MIRAFLORES
09,0907,090709,HUANCAVELICA,TAYACAJA,HUARIBAMBA,HUARIBAMBA
12,1201,120124,JUNIN,HUANCAYO,PARIAHUANCA,PARIAHUANCA /10
15,1508,150807,LIMA,HUAURA,LEONCIO PRADO,SANTA CRUZ
09,0905,090504,HUANCAVELICA,CHURCAMPA,EL CARMEN,PAUCARBAMBILLA
12,1206,120607,JUNIN,SATIPO,RIO NEGRO,RIO NEGRO
12,1205,120503,JUNIN,JUNIN,ONDORES,ONDORES
15,1508,150811,LIMA,HUAURA,SAYAN,SAYAN
09,0906,090616,HUANCAVELICA,HUAYTARA,TAMBO,TAMBO
15,1505,150507,LIMA,CAÑETE,IMPERIAL,IMPERIAL
09,0906,090609,HUANCAVELICA,HUAYTARA,QUITO-ARMA,QUITO-ARMA
11,1102,110203,ICA,CHINCHA,CHAVIN,CHAVIN
09,0907,090701,HUANCAVELICA,TAYACAJA,PAMPAS,PAMPAS
08,0803,080309,CUSCO,ANTA,ZURITE,ZURITE
08,0813,081304,CUSCO,URUBAMBA,MACHUPICCHU,MACHUPICCHU
08,0811,081103,CUSCO,PAUCARTAMBO,CHALLABAMBA,CHALLABAMBA
15,1510,151022,LIMA,YAUYOS,OMAS,OMAS
15,1510,151016,LIMA,YAUYOS,HUANTAN,HUANTAN
15,1510,151001,LIMA,YAUYOS,YAUYOS,YAUYOS
09,0907,090702,HUANCAVELICA,TAYACAJA,ACOSTAMBO,ACOSTAMBO
09,0907,090703,HUANCAVELICA,TAYACAJA,ACRAQUIA,ACRAQUIA
15,1505,150503,LIMA,CAÑETE,CALANGO,CALANGO
12,1201,120120,JUNIN,HUANCAYO,HUASICANCHA,HUASICANCHA
09,0907,090704,HUANCAVELICA,TAYACAJA,AHUAYCHA,AHUAYCHA
15,1510,151018,LIMA,YAUYOS,LARAOS,LARAOS
15,1505,150505,LIMA,CAÑETE,CHILCA,CHILCA
12,1209,120902,JUNIN,CHUPACA,AHUAC,AHUAC
15,1510,151030,LIMA,YAUYOS,TOMAS,TOMAS
10,1003,100317,HUANUCO,DOS DE MAYO,RIPAN,RIPAN
12,1202,120214,JUNIN,CONCEPCION,SAN JOSE DE QUERO,SAN JOSE DE QUERO
15,1510,151028,LIMA,YAUYOS,TANTA,TANTA
16,1605,160510,LORETO,REQUENA,JENARO HERRERA,JENARO HERRERA
02,0215,021501,ANCASH,PALLASCA,CABANA,CABANA
12,1208,120801,JUNIN,YAULI,LA OROYA,LA OROYA
12,1204,120427,JUNIN,JAUJA,RICRAN,RICRAN
12,1204,120418,JUNIN,JAUJA,MOLINOS,MOLINOS
15,1504,150403,LIMA,CANTA,HUAMANTANGA,HUAMANTANGA
12,1208,120805,JUNIN,YAULI,MOROCOCHA,NUEVA MOROCOCHA
15,1501,150111,LIMA,LIMA,EL AGUSTINO,EL AGUSTINO
12,1207,120701,JUNIN,TARMA,TARMA,TARMA
15,1501,150128,LIMA,LIMA,RIMAC,RIMAC
09,0902,090205,HUANCAVELICA,ACOBAMBA,MARCAS,MARCAS
12,1207,120709,JUNIN,TARMA,TAPO,TAPO
12,1207,120705,JUNIN,TARMA,LA UNION,LETICIA
12,1206,120603,JUNIN,SATIPO,LLAYLLA,LLAYLLA
12,1208,120806,JUNIN,YAULI,PACCHA,PACCHA
15,1506,150611,LIMA,HUARAL,SUMBILCA,SUMBILCA
15,1506,150608,LIMA,HUARAL,PACARAOS,PACARAOS
15,1501,150103,LIMA,LIMA,ATE,VITARTE
15,1501,150118,LIMA,LIMA,LURIGANCHO,CHOSICA
12,1201,120135,JUNIN,HUANCAYO,SANTO DOMINGO DE ACOBAMBA,SANTO DOMINGO DE ACOBAMBA
15,1507,150722,LIMA,HUAROCHIRI,SAN MATEO,SAN MATEO
15,1507,150716,LIMA,HUAROCHIRI,SAN ANTONIO,CHACLLA
12,1204,120432,JUNIN,JAUJA,TUNAN MARCA,CONCHO
13,1305,130504,LA LIBERTAD,JULCAN,HUASO,HUASO
22,2207,220708,SAN MARTIN,PICOTA,SHAMBOYACU,SHAMBOYACU
02,0220,022002,ANCASH,YUNGAY,CASCAPARA,CASCAPARA
02,0220,022005,ANCASH,YUNGAY,QUILLO,QUILLO
02,0210,021002,ANCASH,HUARI,ANRA,ANRA
02,0213,021307,ANCASH,MARISCAL LUZURIAGA,LUCMA,LUCMA
06,0612,061202,CAJAMARCA,SAN PABLO,SAN BERNARDINO,SAN BERNARDINO
02,0220,022008,ANCASH,YUNGAY,YANAMA,YANAMA
06,0601,060108,CAJAMARCA,CAJAMARCA,LOS BAÑOS DEL INCA,LOS BAÑOS DEL INCA
13,1303,130306,LA LIBERTAD,BOLIVAR,UCUNCHA,UCUNCHA
22,2202,220203,SAN MARTIN,BELLAVISTA,BAJO BIAVO,NUEVO LIMA
06,0611,061113,CAJAMARCA,SAN MIGUEL,UNION AGUA BLANCA,AGUA BLANCA
13,1303,130304,LA LIBERTAD,BOLIVAR,LONGOTEA,LONGOTEA
13,1304,130402,LA LIBERTAD,CHEPEN,PACANGA,PACANGA
06,0603,060308,CAJAMARCA,CELENDIN,OXAMARCA,OXAMARCA
13,1309,130905,LA LIBERTAD,SANCHEZ CARRION,MARCABAL,MARCABAL
13,1304,130401,LA LIBERTAD,CHEPEN,CHEPEN,CHEPEN
06,0601,060111,CAJAMARCA,CAJAMARCA,NAMORA,NAMORA
06,0602,060204,CAJAMARCA,CAJABAMBA,SITACOCHA,LLUCHUBAMBA
06,0601,060102,CAJAMARCA,CAJAMARCA,ASUNCION,ASUNCION
25,2501,250105,UCAYALI,CORONEL PORTILLO,YARINACOCHA,PUERTO CALLAO
06,0610,061001,CAJAMARCA,SAN MARCOS,PEDRO GALVEZ,SAN MARCOS
10,1003,100322,HUANUCO,DOS DE MAYO,SILLAPATA,SILLAPATA
13,1307,130702,LA LIBERTAD,PACASMAYO,GUADALUPE,GUADALUPE
14,1401,140103,LAMBAYEQUE,CHICLAYO,ETEN,ETEN
06,0605,060501,CAJAMARCA,CONTUMAZA,CONTUMAZA,CONTUMAZA
13,1301,130101,LA LIBERTAD,TRUJILLO,TRUJILLO,TRUJILLO
02,0204,020401,ANCASH,ASUNCION,CHACAS,CHACAS
13,1308,130802,LA LIBERTAD,PATAZ,BULDIBUYO,BULDIBUYO
13,1308,130803,LA LIBERTAD,PATAZ,CHILLIA,CHILLIA
02,0215,021509,ANCASH,PALLASCA,PAMPAS,PAMPAS
02,0202,020201,ANCASH,AIJA,AIJA,AIJA
22,2207,220701,SAN MARTIN,PICOTA,PICOTA,PICOTA
02,0202,020202,ANCASH,AIJA,CORIS,CORIS
02,0206,020603,ANCASH,CARHUAZ,AMASHCA,AMASHCA
10,1011,101107,HUANUCO,YAROWILCA,PAMPAMARCA,PAMPAMARCA
06,0603,060309,CAJAMARCA,CELENDIN,SOROCHUCO,SOROCHUCO
06,0601,060101,CAJAMARCA,CAJAMARCA,CAJAMARCA,CAJAMARCA
06,0611,061108,CAJAMARCA,SAN MIGUEL,NANCHOC,NANCHOC
22,2202,220201,SAN MARTIN,BELLAVISTA,BELLAVISTA,BELLAVISTA
01,0101,010106,AMAZONAS,CHACHAPOYAS,CHUQUIBAMBA,CHUQUIBAMBA
02,0217,021705,ANCASH,RECUAY,LLACLLIN,LLACLLIN
02,0206,020601,ANCASH,CARHUAZ,CARHUAZ,CARHUAZ
10,1002,100208,HUANUCO,AMBO,TOMAY KICHWA,TOMAY KICHWA
02,0220,022007,ANCASH,YUNGAY,SHUPLUY,SHUPLUY
02,0218,021807,ANCASH,SANTA,SAMANCO,SAMANCO
02,0210,021013,ANCASH,HUARI,RAPAYAN,RAPAYAN
10,1005,100509,HUANUCO,HUAMALIES,PUÑOS,PUÑOS
22,2204,220404,SAN MARTIN,HUALLAGA,PISCOYACU,PISCOYACU
02,0210,021001,ANCASH,HUARI,HUARI,HUARI
06,0611,061102,CAJAMARCA,SAN MIGUEL,BOLIVAR,BOLIVAR
10,1005,100504,HUANUCO,HUAMALIES,JACAS GRANDE,JACAS GRANDE
02,0205,020515,ANCASH,BOLOGNESI,TICLLOS,TICLLOS
13,1303,130302,LA LIBERTAD,BOLIVAR,BAMBAMARCA,BAMBAMARCA
06,0610,061003,CAJAMARCA,SAN MARCOS,EDUARDO VILLANUEVA,LA GRAMA
13,1303,130305,LA LIBERTAD,BOLIVAR,UCHUMARCA,UCHUMARCA
06,0604,060413,CAJAMARCA,CHOTA,PACCHA,PACCHA
10,1010,101002,HUANUCO,LAURICOCHA,BAÑOS,BAÑOS
16,1606,160602,LORETO,UCAYALI,INAHUAYA,INAHUAYA
22,2207,220706,SAN MARTIN,PICOTA,SAN CRISTOBAL,PUERTO RICO
06,0611,061101,CAJAMARCA,SAN MIGUEL,SAN MIGUEL,SAN MIGUEL DE PALLAQUES
06,0603,060310,CAJAMARCA,CELENDIN,SUCRE,SUCRE
02,0205,020502,ANCASH,BOLOGNESI,ABELARDO PARDO LEZAMETA,LLACLLA
19,1902,190204,PASCO,DANIEL ALCIDES CARRION,PAUCAR,PAUCAR
02,0214,021406,ANCASH,OCROS,CONGAS,CONGAS
15,1503,150302,LIMA,CAJATAMBO,COPA,COPA
02,0205,020512,ANCASH,BOLOGNESI,MANGAS,MANGAS
02,0214,021403,ANCASH,OCROS,CAJAMARQUILLA,CAJAMARQUILLA
02,0214,021401,ANCASH,OCROS,OCROS,OCROS
02,0205,020511,ANCASH,BOLOGNESI,LA PRIMAVERA,GORGORILLO
10,1002,100206,HUANUCO,AMBO,SAN FRANCISCO,MOSCA
02,0205,020510,ANCASH,BOLOGNESI,HUAYLLACAYAN,HUAYLLACAYAN
10,1002,100207,HUANUCO,AMBO,SAN RAFAEL,SAN RAFAEL
02,0205,020513,ANCASH,BOLOGNESI,PACLLON,PACLLON
02,0219,021903,ANCASH,SIHUAS,ALFONSO UGARTE,ULLULLUCO
25,2501,250107,UCAYALI,CORONEL PORTILLO,MANANTAY,SAN FERNANDO
02,0219,021906,ANCASH,SIHUAS,HUAYLLABAMBA,HUAYLLABAMBA
02,0209,020904,ANCASH,CORONGO,CUSCA,CUSCA
02,0215,021511,ANCASH,PALLASCA,TAUCA,TAUCA
02,0219,021908,ANCASH,SIHUAS,RAGASH,RAGASH
02,0214,021410,ANCASH,OCROS,SANTIAGO DE CHILCAS,SANTIAGO DE CHILCAS
02,0214,021402,ANCASH,OCROS,ACAS,ACAS
19,1902,190206,PASCO,DANIEL ALCIDES CARRION,SANTA ANA DE TUSI,SANTA ANA DE TUSI
19,1902,190202,PASCO,DANIEL ALCIDES CARRION,CHACAYAN,CHACAYAN
02,0211,021102,ANCASH,HUARMEY,COCHAPETI,COCHAPETI
02,0217,021703,ANCASH,RECUAY,COTAPARACO,COTAPARACO
10,1008,100803,HUANUCO,PACHITEA,MOLINO,MOLINO
14,1401,140118,LAMBAYEQUE,CHICLAYO,POMALCA,POMALCA
10,1010,101005,HUANUCO,LAURICOCHA,RONDOS,RONDOS
02,0212,021209,ANCASH,HUAYLAS,SANTO TORIBIO,SANTO TORIBIO
14,1401,140101,LAMBAYEQUE,CHICLAYO,CHICLAYO,CHICLAYO
02,0211,021105,ANCASH,HUARMEY,MALVAS,MALVAS
06,0608,060805,CAJAMARCA,JAEN,HUABAL,HUABAL
01,0106,010610,AMAZONAS,RODRIGUEZ DE MENDOZA,SANTA ROSA,SANTA ROSA DE HUAYABAMBA
10,1005,100503,HUANUCO,HUAMALIES,CHAVIN DE PARIARCA,CHAVIN DE PARIARCA
02,0213,021302,ANCASH,MARISCAL LUZURIAGA,CASCA,CASCA
10,1004,100402,HUANUCO,HUACAYBAMBA,CANCHABAMBA,CANCHABAMBA
10,1007,100703,HUANUCO,MARAÑON,SAN BUENAVENTURA,SAN BUENAVENTURA
24,2403,240302,TUMBES,ZARUMILLA,AGUAS VERDES,AGUAS VERDES
02,0219,021909,ANCASH,SIHUAS,SAN JUAN,CHULLIN
16,1601,160103,LORETO,MAYNAS,FERNANDO LORES,TAMSHIYACU
02,0213,021304,ANCASH,MARISCAL LUZURIAGA,FIDEL OLIVAS ESCUDERO,SANACHGAN
20,2005,200503,PIURA,PAITA,ARENAL,ARENAL
02,0212,021202,ANCASH,HUAYLAS,HUALLANCA,HUALLANCA
13,1309,130904,LA LIBERTAD,SANCHEZ CARRION,CURGOS,CURGOS
02,0216,021601,ANCASH,POMABAMBA,POMABAMBA,POMABAMBA
13,1306,130604,LA LIBERTAD,OTUZCO,CHARAT,CHARAT
13,1312,131203,LA LIBERTAD,VIRU,GUADALUPITO,GUADALUPITO
13,1309,130906,LA LIBERTAD,SANCHEZ CARRION,SANAGORAN,SANAGORAN
02,0212,021210,ANCASH,HUAYLAS,YURACMARCA,YURACMARCA
02,0216,021604,ANCASH,POMABAMBA,QUINUABAMBA,QUINUABAMBA
06,0611,061104,CAJAMARCA,SAN MIGUEL,CATILLUC,CATILLUC
02,0209,020905,ANCASH,CORONGO,LA PAMPA,LA PAMPA
02,0209,020906,ANCASH,CORONGO,YANAC,YANAC
13,1305,130503,LA LIBERTAD,JULCAN,CARABAMBA,CARABAMBA
13,1301,130108,LA LIBERTAD,TRUJILLO,POROTO,POROTO
13,1310,131003,LA LIBERTAD,SANTIAGO DE CHUCO,CACHICADAN,CACHICADAN
13,1310,131006,LA LIBERTAD,SANTIAGO DE CHUCO,QUIRUVILCA,QUIRUVILCA
24,2401,240101,TUMBES,TUMBES,TUMBES,TUMBES
16,1601,160104,LORETO,MAYNAS,INDIANA,INDIANA
05,0510,051004,AYACUCHO,VICTOR FAJARDO,ASQUIPATA,ASQUIPATA
06,0609,060907,CAJAMARCA,SAN IGNACIO,TABACONAS,TABACONAS
22,2208,220807,SAN MARTIN,RIOJA,SAN FERNANDO,SAN FERNANDO
20,2001,200115,PIURA,PIURA,VEINTISEIS DE OCTUBRE,SAN MARTIN
24,2402,240203,TUMBES,CONTRALMIRANTE VILLAR,CANOAS DE PUNTA SAL,CANCAS
16,1603,160301,LORETO,LORETO,NAUTA,NAUTA
16,1601,160105,LORETO,MAYNAS,LAS AMAZONAS,FRANCISCO DE ORELLANA
16,1604,160402,LORETO,MARISCAL RAMON CASTILLA,PEBAS,PEBAS
16,1607,160704,LORETO,DATEM DEL MARAÑON,MORONA,PUERTO ALEGRIA
20,2001,200105,PIURA,PIURA,CATACAOS,CATACAOS
20,2001,200104,PIURA,PIURA,CASTILLA,CASTILLA
20,2006,200608,PIURA,SULLANA,SALITRAL,SALITRAL
20,2004,200409,PIURA,MORROPON,SANTO DOMINGO,SANTO DOMINGO
20,2004,200401,PIURA,MORROPON,CHULUCANAS,CHULUCANAS
20,2005,200505,PIURA,PAITA,LA HUACA,LA HUACA
20,2007,200702,PIURA,TALARA,EL ALTO,EL ALTO
20,2005,200502,PIURA,PAITA,AMOTAPE,AMOTAPE
20,2005,200506,PIURA,PAITA,TAMARINDO,TAMARINDO
20,2002,200208,PIURA,AYABACA,SAPILLICA,SAPILLICA
05,0507,050704,AYACUCHO,PARINACOCHAS,PACAPAUSA,PACAPAUSA
20,2002,200205,PIURA,AYABACA,MONTERO,MONTERO
05,0511,051102,AYACUCHO,VILCAS HUAMAN,ACCOMARCA,ACCOMARCA
20,2006,200607,PIURA,SULLANA,QUERECOTILLO,QUERECOTILLO
05,0509,050902,AYACUCHO,SUCRE,BELEN,BELEN
05,0507,050708,AYACUCHO,PARINACOCHAS,UPAHUACHO,UPAHUACHO
05,0506,050615,AYACUCHO,LUCANAS,SAN CRISTOBAL,SAN CRISTOBAL
05,0507,050703,AYACUCHO,PARINACOCHAS,CORONEL CASTAÑEDA,ANISO
05,0506,050614,AYACUCHO,LUCANAS,SAISA,SAISA
05,0507,050706,AYACUCHO,PARINACOCHAS,PUYUSCA,INCUYO
05,0508,050804,AYACUCHO,PAUCAR DEL SARA SARA,LAMPA,LAMPA
05,0508,050802,AYACUCHO,PAUCAR DEL SARA SARA,COLTA,COLTA
05,0507,050702,AYACUCHO,PARINACOCHAS,CHUMPI,CHUMPI
05,0506,050609,AYACUCHO,LUCANAS,LEONCIO PRADO,TAMBO QUEMADO
05,0506,050606,AYACUCHO,LUCANAS,CHIPAO,CHIPAO
05,0506,050611,AYACUCHO,LUCANAS,LUCANAS,LUCANAS
05,0506,050610,AYACUCHO,LUCANAS,LLAUTA,LLAUTA
05,0510,051003,AYACUCHO,VICTOR FAJARDO,APONGO,APONGO
05,0506,050602,AYACUCHO,LUCANAS,AUCARA,AUCARA
05,0509,050906,AYACUCHO,SUCRE,MORCOLLA,MORCOLLA
05,0506,050601,AYACUCHO,LUCANAS,PUQUIO,PUQUIO
05,0502,050206,AYACUCHO,CANGALLO,TOTOS,TOTOS
05,0511,051104,AYACUCHO,VILCAS HUAMAN,CONCEPCION,CONCEPCION
05,0510,051001,AYACUCHO,VICTOR FAJARDO,HUANCAPI,HUANCAPI
05,0504,050405,AYACUCHO,HUANTA,LURICOCHA,LURICOCHA
05,0501,050116,AYACUCHO,HUAMANGA,ANDRES AVELINO CACERES DORREGARAY,JARDIN
05,0504,050410,AYACUCHO,HUANTA,UCHURACCAY,HUAYNACANCHA
05,0505,050507,AYACUCHO,LA MAR,SANTA ROSA,SANTA ROSA
05,0501,050109,AYACUCHO,HUAMANGA,SAN JOSE DE TICLLAS,TICLLAS
05,0505,050503,AYACUCHO,LA MAR,AYNA,SAN FRANCISCO
05,0501,050107,AYACUCHO,HUAMANGA,PACAYCASA,PACAYCASA
05,0502,050201,AYACUCHO,CANGALLO,CANGALLO,CANGALLO
05,0505,050506,AYACUCHO,LA MAR,LUIS CARRANZA,PAMPAS
05,0511,051108,AYACUCHO,VILCAS HUAMAN,VISCHONGO,VISCHONGO
05,0502,050203,AYACUCHO,CANGALLO,LOS MOROCHUCOS,PAMPA CANGALLO
05,0501,050106,AYACUCHO,HUAMANGA,OCROS,OCROS
05,0501,050110,AYACUCHO,HUAMANGA,SAN JUAN BAUTISTA,SAN JUAN BAUTISTA
05,0501,050102,AYACUCHO,HUAMANGA,ACOCRO,ACOCRO
05,0501,050114,AYACUCHO,HUAMANGA,VINCHOS,VINCHOS
05,0501,050113,AYACUCHO,HUAMANGA,TAMBILLO,TAMBILLO
05,0501,050115,AYACUCHO,HUAMANGA,JESUS NAZARENO,LAS NAZARENAS
05,0501,050103,AYACUCHO,HUAMANGA,ACOS VINCHOS,ACOS VINCHOS
05,0501,050111,AYACUCHO,HUAMANGA,SANTIAGO DE PISCHA,SAN PEDRO DE CACHI
05,0501,050108,AYACUCHO,HUAMANGA,QUINUA,QUINUA
03,0306,030611,APURIMAC,CHINCHEROS,LOS CHANKAS,RIO BLANCO
04,0403,040302,AREQUIPA,CARAVELI,ACARI,ACARI
04,0403,040305,AREQUIPA,CARAVELI,BELLA UNION,BELLA UNION
05,0504,050401,AYACUCHO,HUANTA,HUANTA,HUANTA
03,0302,030220,APURIMAC,ANDAHUAYLAS,JOSE MARIA ARGUEDAS,HUANCABAMBA
08,0809,080911,CUSCO,LA CONVENCION,INKAWASI,AMAYBAMBA
09,0907,090720,HUANCAVELICA,TAYACAJA,ANDAYMARCA,ANDAYMARCA
09,0907,090719,HUANCAVELICA,TAYACAJA,QUICHUAS,QUICHUAS
08,0809,080912,CUSCO,LA CONVENCION,VILLA VIRGEN,VILLA VIRGEN
08,0809,080913,CUSCO,LA CONVENCION,VILLA KINTIARINA,VILLA KINTIARINA
05,0504,050411,AYACUCHO,HUANTA,PUCACOLPA,HUALLHUA
09,0907,090718,HUANCAVELICA,TAYACAJA,TINTAY PUNCU,TINTAY
23,2301,230111,TACNA,TACNA,LA YARADA LOS PALOS,LOS PALOS
10,1007,100705,HUANUCO,MARAÑON,SANTA ROSA DE ALTO YANAJANCA,SANTA ROSA DE ALTO YANAJANCA
12,1206,120609,JUNIN,SATIPO,VIZCATAN DEL ENE,SAN MIGUEL DEL ENE
10,1001,100113,HUANUCO,HUANUCO,SAN PABLO DE PILLAO,SAN PABLO DE PILLAO
10,1006,100605,HUANUCO,LEONCIO PRADO,LUYANDO,LUYANDO /8
10,1006,100610,HUANUCO,LEONCIO PRADO,SANTO DOMINGO DE ANDA,PACAE
21,2111,211105,PUNO,SAN ROMAN,SAN MIGUEL,SAN MIGUEL
15,1508,150806,LIMA,HUAURA,HUAURA,HUAURA
09,0907,090724,HUANCAVELICA,TAYACAJA,LAMBRAS,SANTA MARIA